"נושא מקור","פריטים","סיווג","יעד בעץ החדש","הערה","הורים במקור"
"שיעורי ארח""צ מהישיבה","907","אוסף/מכל","מקור: ישיבת עטרת ירושלים","","שיעורים מישיבת עטרת ירושלים | ישיבת עטרת ירושלים"
"ישיבת עטרת ירושלים","665","אוסף/מכל","מקור: ישיבת עטרת ירושלים","","שיעורים מישיבת עטרת ירושלים"
"אקטואליה","542","נושא סינון","אקטואליה ותרבות › אקטואליה","","מיוחדים"
"עם ישראל","392","נושא סינון","מדינת ישראל וצה""ל › גאולת ישראל וציונות","","מדינת ישראל | אמונה"
"צה""ל","301","נושא סינון","מדינת ישראל וצה""ל › צה""ל וביטחון","","מדינת ישראל | אקטואליה"
"תורה","272","נושא סינון","תורה ולימוד","",""
"פרשת השבוע","245","פרשת השבוע","תורה ולימוד › פרשת השבוע","","תורה"
"הלכה","226","נושא סינון","הלכה","",""
"המדינה אתחלתא דגאולה","212","נושא סינון","מדינת ישראל וצה""ל › גאולת ישראל וציונות","","מדינת ישראל | אמונה"
"לימוד תורה","212","נושא סינון","תורה ולימוד › לימוד תורה","","חינוך | תורה"
"חינוך ילדים","210","נושא סינון","חינוך › חינוך ילדים","","חינוך"
"אישים","196","נושא סינון","אישים","","מיוחדים"
"ארץ ישראל","193","נושא סינון","מדינת ישראל וצה""ל › ארץ ישראל","","מדינת ישראל | אמונה"
"אמונה","190","נושא סינון","אמונה","",""
"פוליטיקה ובחירות","185","נושא סינון","מדינת ישראל וצה""ל › פוליטיקה ובחירות","","מדינת ישראל"
"צניעות","175","נושא סינון","הלכה › צניעות","","הלכה | מוסר ומידות"
"פרשת שבוע","159","פרשת השבוע","תורה ולימוד › פרשת השבוע","","תורה"
"הלכות ציבור","147","נושא סינון","הלכה › הלכות ציבור","","הלכה | מדינת ישראל"
"הרב קוק","133","נושא סינון","אישים › הרב קוק","","תורה | אמונה | אישים"
"מדינת ישראל","120","נושא סינון","מדינת ישראל וצה""ל","",""
"שאלות כלליות באמונה","119","נושא סינון","אמונה › שאלות באמונה","","אמונה"
"נשים","116","נושא סינון","זוגיות ומשפחה › נשים","","מיוחדים | זוגיות ומשפחה | מוסר ומידות"
"תפילה","113","נושא סינון","תפילה","",""
"מידות","111","נושא סינון","מוסר ומידות › מידות","","מוסר ומידות"
"סכסוך ישראלי - ערבי","109","נושא סינון","מדינת ישראל וצה""ל › הסכסוך הישראלי-ערבי","","מדינת ישראל"
"תלמידי חכמים","103","נושא סינון","תורה ולימוד › תלמידי חכמים ואמונת חכמים","","תורה"
"זוגיות ומשפחה","98","נושא סינון","זוגיות ומשפחה","",""
"אורח חיים","89","ציר שו""ת","ציר שו""ת: אורח חיים","",""
"חינוך","88","נושא סינון","חינוך","",""
"שונות - הלכה","84","נושא סינון","הלכה › מצוות ומנהגים","","הלכה"
"פסח","83","נושא סינון","חגים ומועדים › פסח וספירת העומר","","מועדים | חגים - הלכה"
"סגולות ואמונות שונות","83","נושא סינון","אמונה › סגולות ואמונות טפלות","","אמונה"
"צרות וקשיים","77","נושא סינון","אמונה › צרות וקשיים","","אמונה | מיוחדים | עבודת ה'"
"זוגיות במקורות","77","נושא סינון","זוגיות ומשפחה › חיי זוגיות","","זוגיות ומשפחה"
"שו""ת","77","אוסף/מכל","מכל (סוג תוכן)","","הלכה"
"שמירת הלשון","76","נושא סינון","מוסר ומידות › שמירת הלשון | הלכה › בין אדם לחברו › שמירת הלשון","","הלכה | מוסר ומידות | חושן משפט"
"עבודת המידות","75","נושא סינון","מוסר ומידות › מידות","","מוסר ומידות | מידות"
"דיני ממונות","71","נושא סינון","הלכה › דיני ממונות","","הלכה"
"יורה דעה","71","ציר שו""ת","ציר שו""ת: יורה דעה","",""
"בריאות","69","נושא סינון","הלכה › רפואה ופיקוח נפש","","מוסר ומידות"
"תורה ומדע","68","נושא סינון","אמונה › תורה ומדע","","אמונה | תורה"
"חיי הפרט","63","נושא סינון","מוסר ומידות › מוסר בחיי הפרט","","מדינת ישראל"
"שבת - הלכה","63","נושא סינון","הלכה › שבת","","הלכה"
"פסיקת הלכה","62","נושא סינון","הלכה › פסיקת הלכה","","תורה | הלכה"
"שונות","62","מקופל (מועמד לתת-נושא)","תורה ולימוד › לימוד תורה","תת-נושא אפשרי (לא ברשימה המאוצרת) - כרגע מקופל להורה","מיוחדים"
"תפילה - הלכה","62","נושא סינון","תפילה › הלכות תפילה","","הלכה | תפילה"
"מאמרים מיוחדים","62","אוסף/מכל","מקור: מאמרים מיוחדים","","מיוחדים"
"המדינות ואומות העולם","61","נושא סינון","מדינת ישראל וצה""ל › ישראל והעמים","","מדינת ישראל"
"מוסריות מדינית","60","נושא סינון","מדינת ישראל וצה""ל › מוסריות מדינית","","מדינת ישראל | מוסר ומידות"
"שידוכים והכנה לחתונה","60","נושא סינון","זוגיות ומשפחה › שידוכים וחתונה","","זוגיות ומשפחה"
"תשובה","59","נושא סינון","אמונה › תשובה","","אמונה | מוסר ומידות | עבודת ה'"
"הר הבית","59","נושא סינון","מדינת ישראל וצה""ל › הר הבית ובית המקדש","","אמונה | מדינת ישראל | מיוחדים | ארץ ישראל"
"עבודת הזוגיות","56","נושא סינון","זוגיות ומשפחה › חיי זוגיות","","זוגיות ומשפחה"
"חושן משפט","54","ציר שו""ת","ציר שו""ת: חושן משפט","",""
"תורת הראי""ה","53","נושא סינון","אישים › הרב קוק","","תורה"
"אישים בתנ""ך","51","נושא סינון","תורה ולימוד › תנ""ך","","תורה | שיעורים בתנ""ך"
"נצרות","50","נושא סינון","אמונה › דתות ועמים","","מדינת ישראל"
"גוש קטיף והגירוש","50","נושא סינון","מדינת ישראל וצה""ל › גוש קטיף והגירוש","","ארץ ישראל | המדינה אתחלתא דגאולה"
"חנוכה","48","נושא סינון","חגים ומועדים › חנוכה","","מועדים | חגים - הלכה"
"כשרות","47","נושא סינון","הלכה › כשרות ומזון","","הלכה | כשרות ומזון"
"שבת ויום טוב","47","נושא סינון","הלכה › שבת","","הלכה | מועדים | חגים - הלכה"
"שמירת התא המשפחתי","47","נושא סינון","זוגיות ומשפחה › חיי זוגיות","","זוגיות ומשפחה"
"תרבות המערב","47","נושא סינון","אקטואליה ותרבות › תרבות המערב","","חינוך | אמונה | מוסר ומידות"
"נטיות הפוכות","46","נושא סינון","זוגיות ומשפחה › נטיות הפוכות","","מוסר ומידות"
"גאולה ומשיח","45","נושא סינון","אמונה › גאולה ומשיח","","אמונה"
"טבע וסביבה","44","נושא סינון","אקטואליה ותרבות › טבע וסביבה","","מוסר ומידות"
"פסח - הלכה","43","נושא סינון","חגים ומועדים › פסח וספירת העומר › הלכות פסח","רמה שלישית: הלכות","מעגל השנה - הלכה | מעגל השנה"
"פורים","42","נושא סינון","חגים ומועדים › פורים","","מועדים | חגים - הלכה"
"הרבנות הראשית","42","נושא סינון","מדינת ישראל וצה""ל › דת ומדינה","","מדינת ישראל"
"אבן העזר","42","ציר שו""ת","ציר שו""ת: אבן העזר","",""
"גיור - הלכה","41","נושא סינון","הלכה › גיור","","הלכה"
"דבקות בד'","41","נושא סינון","אמונה › עבודת ה'","","חינוך | מוסר ומידות"
"ברכות - הלכה","38","נושא סינון","תפילה › ברכות","","הלכה"
"מצוות הפרט","38","נושא סינון","הלכה › מצוות ומנהגים","","הלכה | מוסר ומידות"
"רפורמים וקונסרבטיבים","36","נושא סינון","אמונה › זרמים ביהדות","","אמונה"
"מוסר חברתי","34","נושא סינון","מוסר ומידות › מוסר חברתי","","מוסר ומידות"
"דפים קא' - ר'","34","אוסף/מכל","מקור: דפים קא' - ר'","","שו""ת סמס - עולם קטן"
"ישיבה","33","נושא סינון","תורה ולימוד › ישיבות ומכינות","","תורה | יורה דעה"
"פוליטיקה","33","נושא סינון","מדינת ישראל וצה""ל › פוליטיקה ובחירות","","אקטואליה | מדינת ישראל"
"זוגיות","32","נושא סינון","זוגיות ומשפחה › חיי זוגיות","","זוגיות ומשפחה"
"אמונת חכמים","32","נושא סינון","תורה ולימוד › תלמידי חכמים ואמונת חכמים","","אמונה | תורה"
"כשרות - הלכה","32","נושא סינון","הלכה › כשרות ומזון","","הלכה"
"חסד","31","נושא סינון","מוסר ומידות › מוסר חברתי","","מוסר ומידות"
"מוסדות חינוך","31","נושא סינון","חינוך › מוסדות חינוך ולימודים","","חינוך"
"עבודת ד'","30","נושא סינון","אמונה › עבודת ה'","","אמונה | מוסר ומידות"
"הלכות שונות","30","נושא סינון","הלכה › מצוות ומנהגים","","הלכה"
"הכנה לחתונה","29","נושא סינון","זוגיות ומשפחה › שידוכים וחתונה","","זוגיות ומשפחה | זוגיות"
"תורה אלוקית","29","נושא סינון","תורה ולימוד › לימוד תורה","","תורה | אמונה"
"טיפול רפואי","29","נושא סינון","הלכה › רפואה ופיקוח נפש","","הלכה"
"יום כיפור","28","נושא סינון","חגים ומועדים › ימים נוראים","","מועדים | חגים - הלכה"
"תרבות הפנאי","28","נושא סינון","אקטואליה ותרבות › תרבות הפנאי","","הלכה | אקטואליה | מוסר ומידות"
"שמיטה - הלכה","27","נושא סינון","חגים ומועדים › שמיטה › הלכות שמיטה","רמה שלישית: הלכות","הלכה"
"דרך ארץ","26","נושא סינון","מוסר ומידות › מוסר חברתי","","מוסר ומידות"
"אינטרנט וסמארטפון","26","נושא סינון","אקטואליה ותרבות › אינטרנט וסמארטפון","","הלכה | חינוך | מיוחדים"
"אהבה","26","נושא סינון","זוגיות ומשפחה › חיי זוגיות","","מוסר ומידות"
"ל""ג בעומר","25","נושא סינון","חגים ומועדים › ל""ג בעומר","","מועדים | חגים - הלכה"
"חנוכה - הלכה","25","נושא סינון","חגים ומועדים › חנוכה › הלכות חנוכה","רמה שלישית: הלכות","מעגל השנה - הלכה | מעגל השנה | הלכה | חגים - הלכה"
"פורים - הלכה","25","נושא סינון","חגים ומועדים › פורים › הלכות פורים","רמה שלישית: הלכות","מעגל השנה - הלכה | מעגל השנה"
"מגזרים ועדות","25","נושא סינון","מדינת ישראל וצה""ל › מגזרים ועדות","","מדינת ישראל"
"ציוצים","25","אוסף/מכל","מקור: ציוצים","","מיוחדים"
"הצלת נפשות - הלכה","24","נושא סינון","הלכה › רפואה ופיקוח נפש","","הלכה"
"יצר הרע","24","נושא סינון","מוסר ומידות › יצר הרע","","מוסר ומידות"
"יורה דעה - איסור והיתר","24","נושא סינון","הלכה › כשרות ומזון","","הלכה"
"ראש הממשלה","23","נושא סינון","מדינת ישראל וצה""ל › פוליטיקה ובחירות","","מדינת ישראל"
"בין אדם לחבירו- הלכה","23","נושא סינון","הלכה › בין אדם לחברו","","הלכה"
"מוסריות","22","נושא סינון","מוסר ומידות › מוסר בחיי הפרט","","מוסר ומידות"
"ראש השנה","22","נושא סינון","חגים ומועדים › ימים נוראים","","מועדים | חגים - הלכה"
"הלכות חברה","22","נושא סינון","הלכה › דיני ממונות","","הלכה"
"סוגיות בגמרא","22","נושא סינון","תורה ולימוד › גמרא וסוגיות","","תורה"
"סוכות - הלכה","22","נושא סינון","חגים ומועדים › סוכות ושמחת תורה › הלכות סוכות","רמה שלישית: הלכות","מעגל השנה - הלכה | חגים - הלכה | מעגל השנה | הלכה"
"תשעה באב ובין המצרים - הלכה","22","תגית","הלכה","משפט ארוך","מעגל השנה - הלכה"
"יום העצמאות","21","נושא סינון","חגים ומועדים › יום העצמאות ויום ירושלים","","מועדים | חגים - הלכה"
"ברכות","21","נושא סינון","תפילה › ברכות","","הלכה | אורח חיים"
"היחס לנצרות","21","נושא סינון","אמונה › דתות ועמים","","דתות הגויים"
"צניעות - מידות","21","נושא סינון","מוסר ומידות › מידות","","מוסר ומידות"
"זהירות","21","נושא סינון","הלכה › רפואה ופיקוח נפש","","הלכה"
"סוכות","20","נושא סינון","חגים ומועדים › סוכות ושמחת תורה","","מועדים"
"בין המצרים","20","נושא סינון","חגים ומועדים › בין המצרים ותעניות","","מועדים | חגים - הלכה"
"הר הבית - הלכה","20","נושא סינון","מדינת ישראל וצה""ל › הר הבית ובית המקדש › הלכות הר הבית","רמה שלישית: הלכות","הלכה"
"נישואין וגירושין - הלכה","18","נושא סינון","הלכה › נישואין ואישות","","הלכה"
"מועדים","18","נושא סינון","חגים ומועדים","",""
"מידות נוספות","18","נושא סינון","מוסר ומידות › מידות","","מוסר ומידות"
"עניינים שונים","18","נושא סינון","הלכה › מצוות ומנהגים","",""
"ספירת העומר","17","נושא סינון","חגים ומועדים › פסח וספירת העומר","","מועדים | הלכה | חגים - הלכה"
"שבועות","17","נושא סינון","חגים ומועדים › שבועות","","מועדים | חגים - הלכה"
"תשעה באב","16","נושא סינון","חגים ומועדים › בין המצרים ותעניות","","מועדים | חגים - הלכה"
"דתות הגויים","16","נושא סינון","אמונה › דתות ועמים","","אמונה"
"קדושה - הלכה","16","מקופל (מועמד לתת-נושא)","הלכה","תת-נושא אפשרי (לא ברשימה המאוצרת) - כרגע מקופל להורה","הלכה"
"דת ומדינה","15","נושא סינון","מדינת ישראל וצה""ל › דת ומדינה","","מדינת ישראל | אקטואליה"
"בית כנסת - הלכה","15","נושא סינון","הלכה › הלכות ציבור","","הלכה"
"ספרים","15","נושא סינון","תורה ולימוד › ספרים","","מיוחדים | תורה"
"יציאה לחו""ל","15","מקופל (מועמד לתת-נושא)","הלכה","תת-נושא אפשרי (לא ברשימה המאוצרת) - כרגע מקופל להורה","הלכה"
"צדקה - הלכה","15","נושא סינון","הלכה › צדקה","","הלכה"
"אישות","15","נושא סינון","זוגיות ומשפחה › חיי זוגיות","","זוגיות"
"כללים ועניינים שונים","15","נושא סינון","הלכה › מצוות ומנהגים","","עניינים שונים"
"לימוד אמונה","14","נושא סינון","אמונה › שאלות באמונה","","אמונה"
"חומש בראשית","14","פרשת השבוע","תורה ולימוד › פרשת השבוע › בראשית","","תורה | עניינים שונים | שיעורים בתנ""ך"
"אבלות - הלכות","14","נושא סינון","הלכה › אבלות › הלכות אבלות","רמה שלישית: הלכות","הלכה"
"שמיטה","14","נושא סינון","חגים ומועדים › שמיטה","","מועדים | הלכה"
"חומש שמות","14","פרשת השבוע","תורה ולימוד › פרשת השבוע › שמות","","תורה | שיעורים בתנ""ך"
"פיקוח נפש","13","נושא סינון","הלכה › רפואה ופיקוח נפש","","הלכה"
"יום ירושלים","13","נושא סינון","חגים ומועדים › יום העצמאות ויום ירושלים","","מועדים | חגים - הלכה"
"העולם הנסתר","13","נושא סינון","תורה ולימוד › קבלה וחסידות","","אמונה"
"כיבוד הורים","13","נושא סינון","זוגיות ומשפחה › הורים וילדים","","הלכה | מוסר ומידות"
"מידת הביטחון","13","נושא סינון","מוסר ומידות › ביטחון","","מוסר ומידות"
"שירים","13","אוסף/מכל","מקור: שירים","","מיוחדים"
"ספירת העומר - הלכה","13","נושא סינון","חגים ומועדים › פסח וספירת העומר › הלכות ספירת העומר","רמה שלישית: הלכות","מעגל השנה | מעגל השנה - הלכה | חגים - הלכה"
"ציצית ותפילין - הלכה","12","נושא סינון","הלכה › מצוות ומנהגים","","הלכה"
"קושיות והוכחות","12","נושא סינון","אמונה › שאלות באמונה","","אמונה | תורה"
"Le couple et la famille","12","אוסף/מכל","Cours en Français (/french)","",""
"חינוך במקורות","12","נושא סינון","חינוך › חינוך לתורה ומצוות","","חינוך"
"מיוחדים","12","אוסף/מכל","מכל מפורק (ילדיו מופו לנושאי הליבה)","",""
"חתונה","12","נושא סינון","זוגיות ומשפחה › שידוכים וחתונה","","זוגיות ומשפחה | חתונה-מיוחדים"
"שיעורים בתנ""ך","11","נושא סינון","תורה ולימוד › תנ""ך","","תורה"
"מנהגים","11","נושא סינון","הלכה › מצוות ומנהגים","","הלכה"
"מוסריות בעבודה","11","נושא סינון","מוסר ומידות › מוסר חברתי","","מוסר ומידות"
"הריון ולידה","11","נושא סינון","זוגיות ומשפחה › הריון ולידה","","זוגיות ומשפחה | חיי משפחה"
"שבת","11","נושא סינון","הלכה › שבת","","מועדים"
"מוסר ומידות","11","נושא סינון","מוסר ומידות","",""
"ט""ו בשבט","10","נושא סינון","חגים ומועדים › ט""ו בשבט","","מועדים | חגים - הלכה"
"גויים ביהדות","10","נושא סינון","אמונה › דתות ועמים","","אמונה"
"חתונה - חופה וקידושין","10","נושא סינון","זוגיות ומשפחה › שידוכים וחתונה","","זוגיות ומשפחה"
"ראש השנה - הלכה","10","נושא סינון","חגים ומועדים › ימים נוראים › הלכות ראש השנה","רמה שלישית: הלכות","מעגל השנה - הלכה | מעגל השנה"
"חומש דברים","10","פרשת השבוע","תורה ולימוד › פרשת השבוע › דברים","","תורה | שיעורים בתנ""ך"
"לימודים","9","נושא סינון","חינוך › מוסדות חינוך ולימודים","","חינוך"
"זהירות בדרכים","9","נושא סינון","מוסר ומידות › מוסר בחיי הפרט","","עבודת המידות | הלכה | הלכות שונות"
"מוסר ביהדות","9","נושא סינון","מוסר ומידות › מוסר בחיי הפרט","","מוסר ומידות"
"הלכות חגים לחייל","9","נושא סינון","מדינת ישראל וצה""ל › צה""ל וביטחון","","הלכה | מועדים | מעגל השנה | צה""ל"
"לימוד תורה- הלכות","9","נושא סינון","תורה ולימוד › לימוד תורה › הלכות לימוד תורה","רמה שלישית: הלכות","הלכה"
"שידוכים ונישואים - הלכה","8","נושא סינון","הלכה › נישואין ואישות","","הלכה"
"פרשת תרומה","8","פרשת השבוע","תורה ולימוד › פרשת השבוע › שמות › תרומה","","חומש שמות"
"צניעות - משפחה","8","נושא סינון","זוגיות ומשפחה › חיי זוגיות","","זוגיות ומשפחה"
"צומות ותעניות - הלכה","8","נושא סינון","חגים ומועדים › בין המצרים ותעניות › הלכות צומות ותעניות","רמה שלישית: הלכות","מעגל השנה - הלכה"
"תפילין","8","נושא סינון","הלכה › מצוות ומנהגים","","ציצית ותפילין | אורח חיים"
"בית כנסת ובית מדרש","8","נושא סינון","הלכה › הלכות ציבור","","הלכה"
"הר הבית ובית המקדש","8","נושא סינון","מדינת ישראל וצה""ל › הר הבית ובית המקדש","","מדינת ישראל | אורח חיים"
"שמחה","8","נושא סינון","מוסר ומידות › מידות","","מוסר ומידות"
"מקומות קדושים - הלכה","8","נושא סינון","הלכה › מצוות ומנהגים","","הלכה"
"שאלות ותשובות","7","מקופל (מועמד לתת-נושא)","הלכה","תת-נושא אפשרי (לא ברשימה המאוצרת) - כרגע מקופל להורה","שו""ת"
"עשרה בטבת","7","נושא סינון","חגים ומועדים › בין המצרים ותעניות","","מועדים | חגים - הלכה"
"סיון תשע""ב","7","מקופל (מועמד לתת-נושא)","חגים ומועדים","תת-נושא אפשרי (לא ברשימה המאוצרת) - כרגע מקופל להורה","מועדים"
"השכמת הבוקר - הלכה","7","נושא סינון","הלכה › הלכות היום-יום","","הלכה"
"שאלות כלליות - תורה","7","נושא סינון","תורה ולימוד › לימוד תורה","","תורה"
"השפעת התורה","7","נושא סינון","תורה ולימוד › לימוד תורה","","תורה"
"שידוכים","7","נושא סינון","זוגיות ומשפחה › שידוכים וחתונה","","זוגיות ומשפחה"
"בגדים","7","נושא סינון","הלכה › צניעות","","אורח חיים - הלכות יום-יום"
"ציצית","7","נושא סינון","הלכה › מצוות ומנהגים","","אורח חיים | ציצית ותפילין"
"תעניות ובין המצרים","7","נושא סינון","חגים ומועדים › בין המצרים ותעניות","","מעגל השנה"
"אישות ומשפחה - הלכה","7","נושא סינון","הלכה › נישואין ואישות","","הלכה | זוגיות ומשפחה"
"קריאת שמות","7","נושא סינון","זוגיות ומשפחה › הריון ולידה","","הריון ולידה | שונות - הלכה"
"תנועות חברתיות","7","נושא סינון","אקטואליה ותרבות › תנועות חברתיות","","הלכה | חינוך | עם ישראל"
"י""ז בתמוז","6","נושא סינון","חגים ומועדים › בין המצרים ותעניות","","מועדים"
"יום כיפור - הלכה","6","נושא סינון","חגים ומועדים › ימים נוראים › הלכות יום כיפור","רמה שלישית: הלכות","מעגל השנה - הלכה | הלכה | חגים - הלכה"
"עבודה זרה","6","נושא סינון","אמונה › דתות ועמים","","הלכה | אמונה"
"פרשת לך-לך","6","פרשת השבוע","תורה ולימוד › פרשת השבוע › בראשית › לך לך","","חומש בראשית"
"הרב נחמיה לביא זצ""ל","6","נושא סינון","אישים › רבנים ואישים","","אישים"
"פרשת שלח","6","פרשת השבוע","תורה ולימוד › פרשת השבוע › במדבר › שלח","","חומש במדבר"
"פרשת ויקרא","6","פרשת השבוע","תורה ולימוד › פרשת השבוע › ויקרא › ויקרא","","חומש ויקרא"
"הוראה","6","נושא סינון","חינוך › מוסדות חינוך ולימודים","","חינוך"
"יום טוב - הלכה","6","מקופל (מועמד לתת-נושא)","הלכה","תת-נושא אפשרי (לא ברשימה המאוצרת) - כרגע מקופל להורה","הלכה"
"אבילות","6","נושא סינון","הלכה › אבלות","","הלכה"
"השפעת המצוות","5","נושא סינון","אמונה › עבודת ה'","","הלכה | אמונה"
"מוסר בחיי הפרט","5","נושא סינון","מוסר ומידות › מוסר בחיי הפרט","","מוסר ומידות | מוסר ביהדות"
"סליחות","5","נושא סינון","חגים ומועדים › ימים נוראים","","מועדים | חגים - הלכה"
"חינוך לתורה ומצוות","5","נושא סינון","חינוך › חינוך לתורה ומצוות","","חינוך"
"חול המועד","5","נושא סינון","חגים ומועדים › סוכות ושמחת תורה","","מועדים | מעגל השנה | חגים - הלכה"
"פרשת וירא","5","פרשת השבוע","תורה ולימוד › פרשת השבוע › בראשית › וירא","","חומש בראשית"
"פרשת האזינו","5","פרשת השבוע","תורה ולימוד › פרשת השבוע › דברים › האזינו","","חומש דברים"
"פרשת כי תבוא","5","פרשת השבוע","תורה ולימוד › פרשת השבוע › דברים › כי תבוא","","חומש דברים"
"תפילין - הלכה","5","נושא סינון","הלכה › מצוות ומנהגים › הלכות תפילין","רמה שלישית: הלכות","מצוות הפרט"
"פרשת כי תצא","5","פרשת השבוע","תורה ולימוד › פרשת השבוע › דברים › כי תצא","","חומש דברים"
"פרשת שופטים","5","פרשת השבוע","תורה ולימוד › פרשת השבוע › דברים › שופטים","","חומש דברים"
"פרשת ראה","5","פרשת השבוע","תורה ולימוד › פרשת השבוע › דברים › ראה","","חומש דברים"
"פרשת עקב","5","פרשת השבוע","תורה ולימוד › פרשת השבוע › דברים › עקב","","חומש דברים"
"פרשת ואתחנן","5","פרשת השבוע","תורה ולימוד › פרשת השבוע › דברים › ואתחנן","","חומש דברים"
"פרשת פנחס","5","פרשת השבוע","תורה ולימוד › פרשת השבוע › במדבר › פנחס","","חומש במדבר"
"פרשת נשא","5","פרשת השבוע","תורה ולימוד › פרשת השבוע › במדבר › נשא","","חומש במדבר"
"ל""ג בעומר - הלכה","5","נושא סינון","חגים ומועדים › ל""ג בעומר › הלכות ל""ג בעומר","רמה שלישית: הלכות","מעגל השנה - הלכה | מעגל השנה"
"פרשת צו","5","פרשת השבוע","תורה ולימוד › פרשת השבוע › ויקרא › צו","","חומש ויקרא"
"צומות ותעניות","5","נושא סינון","חגים ומועדים › בין המצרים ותעניות","","מועדים"
"פרשת ויגש","5","פרשת השבוע","תורה ולימוד › פרשת השבוע › בראשית › ויגש","","חומש בראשית"
"פרשת וישב","5","פרשת השבוע","תורה ולימוד › פרשת השבוע › בראשית › וישב","","חומש בראשית"
"פרשת וישלח","5","פרשת השבוע","תורה ולימוד › פרשת השבוע › בראשית › וישלח","","חומש בראשית"
"פרשת ויצא","5","פרשת השבוע","תורה ולימוד › פרשת השבוע › בראשית › ויצא","","חומש בראשית"
"פרשת תולדות","5","פרשת השבוע","תורה ולימוד › פרשת השבוע › בראשית › תולדות","","חומש בראשית"
"פרשת נח","5","פרשת השבוע","תורה ולימוד › פרשת השבוע › בראשית › נח","","חומש בראשית"
"גאווה","5","נושא סינון","מוסר ומידות › מידות","","מוסר ומידות"
"שבועות - הלכה","5","נושא סינון","חגים ומועדים › שבועות › הלכות שבועות","רמה שלישית: הלכות","מעגל השנה - הלכה | מעגל השנה"
"חומש במדבר","5","פרשת השבוע","תורה ולימוד › פרשת השבוע › במדבר","","תורה"
"נטילת ידיים","5","נושא סינון","הלכה › הלכות היום-יום","","אורח חיים - הלכות יום-יום"
"תפילת שמונה עשרה","5","נושא סינון","תפילה › הלכות תפילה","","תפילה"
"ברכת כהנים","5","נושא סינון","תפילה › הלכות תפילה","","תפילה"
"קריאת התורה","5","נושא סינון","תפילה › הלכות תפילה","","תפילה"
"סעודה","5","נושא סינון","הלכה › הלכות היום-יום","","אורח חיים - הלכות יום-יום | כשרות ומזון"
"ספרים שונים","5","נושא סינון","תורה ולימוד › ספרים","","תורה"
"הכרת הטוב","5","נושא סינון","מוסר ומידות › מוסר חברתי","","מוסר ומידות"
"דאגה לזולת- מידות","5","נושא סינון","מוסר ומידות › מידות","","מוסר ומידות"
"קבלה","5","נושא סינון","תורה ולימוד › קבלה וחסידות","","אמונה"
"אייר תשע""ב","4","מקופל (מועמד לתת-נושא)","חגים ומועדים","תת-נושא אפשרי (לא ברשימה המאוצרת) - כרגע מקופל להורה","מועדים"
"תמוז תשע""ב","4","מקופל (מועמד לתת-נושא)","חגים ומועדים","תת-נושא אפשרי (לא ברשימה המאוצרת) - כרגע מקופל להורה","מועדים"
"בין המצרים - הלכה","4","נושא סינון","חגים ומועדים › בין המצרים ותעניות › הלכות בין המצרים","רמה שלישית: הלכות","חגים - הלכה | הלכה"
"La Paracha de la semaine","4","אוסף/מכל","Cours en Français (/french)","",""
"ימי זיכרון","4","נושא סינון","חגים ומועדים › ימי זיכרון ושואה","","מועדים | חגים - הלכה"
"פרשת חיי שרה","4","פרשת השבוע","תורה ולימוד › פרשת השבוע › בראשית › חיי שרה","","חומש בראשית"
"פרשת ניצבים","4","פרשת השבוע","תורה ולימוד › פרשת השבוע › דברים › נצבים","","חומש דברים"
"תורת רבי נחמן","4","נושא סינון","תורה ולימוד › קבלה וחסידות","","אמונה"
"פרשת דברים","4","פרשת השבוע","תורה ולימוד › פרשת השבוע › דברים › דברים","","חומש דברים"
"פרשת מטות","4","פרשת השבוע","תורה ולימוד › פרשת השבוע › במדבר › מטות","","חומש במדבר"
"פרשת בלק","4","פרשת השבוע","תורה ולימוד › פרשת השבוע › במדבר › בלק","","חומש במדבר"
"פרשת חוקת","4","פרשת השבוע","תורה ולימוד › פרשת השבוע › במדבר › חוקת","","חומש במדבר"
"פרשת בהעלותך","4","פרשת השבוע","תורה ולימוד › פרשת השבוע › במדבר › בהעלותך","","חומש במדבר"
"פרשת במדבר","4","פרשת השבוע","תורה ולימוד › פרשת השבוע › במדבר › במדבר","","חומש במדבר"
"פרשת בחוקותי","4","פרשת השבוע","תורה ולימוד › פרשת השבוע › ויקרא › בחוקותי","","חומש ויקרא"
"ימי הזיכרון","4","נושא סינון","חגים ומועדים › ימי זיכרון ושואה","","המדינה אתחלתא דגאולה | מועדים"
"פרשת תזריע","4","פרשת השבוע","תורה ולימוד › פרשת השבוע › ויקרא › תזריע","","חומש ויקרא"
"פרשת ויקהל","4","פרשת השבוע","תורה ולימוד › פרשת השבוע › שמות › ויקהל","","חומש שמות"
"פרשת כי-תשא","4","פרשת השבוע","תורה ולימוד › פרשת השבוע › שמות › כי תשא","","חומש שמות"
"פרשת תצוה","4","פרשת השבוע","תורה ולימוד › פרשת השבוע › שמות › תצוה","","חומש שמות"
"פרשת משפטים","4","פרשת השבוע","תורה ולימוד › פרשת השבוע › שמות › משפטים","","חומש שמות"
"פרשת בשלח","4","פרשת השבוע","תורה ולימוד › פרשת השבוע › שמות › בשלח","","חומש שמות"
"פרשת בא","4","פרשת השבוע","תורה ולימוד › פרשת השבוע › שמות › בא","","חומש שמות"
"פרשת וארא","4","פרשת השבוע","תורה ולימוד › פרשת השבוע › שמות › וארא","","חומש שמות"
"פרשת שמיני","4","פרשת השבוע","תורה ולימוד › פרשת השבוע › ויקרא › שמיני","","חומש ויקרא"
"פרשת ויחי","4","פרשת השבוע","תורה ולימוד › פרשת השבוע › בראשית › ויחי","","חומש בראשית"
"הכנת הגוף והמקום","4","נושא סינון","תפילה › הלכות תפילה","","תפילה"
"בשר וחלב","4","נושא סינון","הלכה › כשרות ומזון","","כשרות"
"תספורת וגילוח","4","נושא סינון","הלכה › הלכות היום-יום","","הלכה | יורה דעה"
"צדקה","4","נושא סינון","הלכה › צדקה","","מצוות הפרט"
"ברית מילה","4","נושא סינון","הלכה › ברית מילה","","אישות ומשפחה - הלכה | יורה דעה - איסור והיתר"
"כשרות ומזון","4","נושא סינון","הלכה › כשרות ומזון","","הלכה"
"מקווה- הלכה","4","נושא סינון","הלכה › טהרת המשפחה","","הלכה"
"דתיים - חילונים","4","נושא סינון","מדינת ישראל וצה""ל › דת ומדינה","","אקטואליה | מדינת ישראל"
"השפעת התפילה","3","נושא סינון","תפילה › ביאור התפילה","","תפילה"
"שובבי""ם","3","נושא סינון","חגים ומועדים › פסח וספירת העומר","","מועדים | הלכה | עבודת ה'"
"והלכת בדרכיו","3","נושא סינון","מוסר ומידות › מידות","","מוסר ומידות | עבודת ה'"
"חינוך - הלכה","3","נושא סינון","חינוך › חינוך לתורה ומצוות","","הלכה | חינוך"
"חומש ויקרא","3","פרשת השבוע","תורה ולימוד › פרשת השבוע › ויקרא","","תורה | שיעורים בתנ""ך"
"מדרשים ואגדות","3","נושא סינון","תורה ולימוד › מדרשים ואגדות","","תורה"
"בעלי חיים - הלכה","3","מקופל (מועמד לתת-נושא)","הלכה","תת-נושא אפשרי (לא ברשימה המאוצרת) - כרגע מקופל להורה","הלכה"
"מצוות ישוב הארץ","3","נושא סינון","מדינת ישראל וצה""ל › ארץ ישראל","","הלכה"
"הרב מנחם בן יעקב","3","נושא סינון","אישים › רבנים ואישים","","אישים"
"פרשת וילך","3","פרשת השבוע","תורה ולימוד › פרשת השבוע › דברים › וילך","","חומש דברים"
"ט""ו באב","3","נושא סינון","חגים ומועדים › בין המצרים ותעניות","","מועדים"
"פרשת בהר","3","פרשת השבוע","תורה ולימוד › פרשת השבוע › ויקרא › בהר","","חומש ויקרא"
"פרשת אמור","3","פרשת השבוע","תורה ולימוד › פרשת השבוע › ויקרא › אמור","","חומש ויקרא"
"פרשת מצורע","3","פרשת השבוע","תורה ולימוד › פרשת השבוע › ויקרא › מצורע","","חומש ויקרא"
"טהרת המשפחה - הלכה","3","נושא סינון","הלכה › טהרת המשפחה","","הלכה"
"פרשת פקודי","3","פרשת השבוע","תורה ולימוד › פרשת השבוע › שמות › פקודי","","חומש שמות"
"פרשת יתרו","3","פרשת השבוע","תורה ולימוד › פרשת השבוע › שמות › יתרו","","חומש שמות"
"פרשת שמות","3","פרשת השבוע","תורה ולימוד › פרשת השבוע › שמות › שמות","","חומש שמות"
"פרשת מקץ","3","פרשת השבוע","תורה ולימוד › פרשת השבוע › בראשית › מקץ","","חומש בראשית"
"פרשת אחרי מות","3","פרשת השבוע","תורה ולימוד › פרשת השבוע › ויקרא › אחרי מות","","חומש ויקרא"
"ט""ו בשבט - הלכה","3","נושא סינון","חגים ומועדים › ט""ו בשבט › הלכות ט""ו בשבט","רמה שלישית: הלכות","מעגל השנה - הלכה | מעגל השנה"
"שמיני עצרת - שמחת תורה","3","נושא סינון","חגים ומועדים › סוכות ושמחת תורה","","מועדים"
"בית הכסא","3","נושא סינון","הלכה › הלכות היום-יום","","אורח חיים - הלכות יום-יום"
"שינה וסדר הלילה","3","נושא סינון","הלכה › הלכות היום-יום","","אורח חיים - הלכות יום-יום"
"חודש אלול","3","נושא סינון","חגים ומועדים › ימים נוראים","","מעגל השנה"
"חודש אדר","3","נושא סינון","חגים ומועדים › פורים","","מעגל השנה"
"ונשמרתם לנפשותיכם","3","נושא סינון","הלכה › רפואה ופיקוח נפש","","הלכה"
"תורת רבי נחמן מברסלב","3","נושא סינון","תורה ולימוד › קבלה וחסידות","","תורה"
"גיור","3","נושא סינון","הלכה › גיור","","הלכה | יורה דעה"
"חיי משפחה","3","נושא סינון","זוגיות ומשפחה › הורים וילדים","","זוגיות ומשפחה"
"חגים - הלכה","3","מקופל (מועמד לתת-נושא)","הלכה","תת-נושא אפשרי (לא ברשימה המאוצרת) - כרגע מקופל להורה","הלכה"
"לימוד קבלה","3","נושא סינון","תורה ולימוד › קבלה וחסידות","","תורה"
"עדות","3","נושא סינון","הלכה › דיני ממונות","","הלכה"
"התורה במציאות","3","נושא סינון","אמונה › תורה ומדע","","תורה"
"שתיקה- מידות","3","נושא סינון","מוסר ומידות › מידות","","מוסר ומידות"
"יום העצמאות- הלכה","3","נושא סינון","חגים ומועדים › יום העצמאות ויום ירושלים › הלכות יום העצמאות","רמה שלישית: הלכות","מעגל השנה - הלכה"
"פרשת בראשית","3","פרשת השבוע","תורה ולימוד › פרשת השבוע › בראשית › בראשית","","חומש בראשית"
"באור תפילה","3","נושא סינון","תפילה › ביאור התפילה","","תפילה"
"ספריית חוה","2","מקופל","תורה ולימוד › ספרים","פחות מ-3 פריטים, מקופל להורה","ספרים"
"צום גדליה","2","נושא סינון","חגים ומועדים › ימים נוראים","","מועדים"
"חומרות","2","מקופל","הלכה","פחות מ-3 פריטים, מקופל להורה","הלכה"
"תפילה - הלכות","2","נושא סינון","תפילה › הלכות תפילה","","תורה | תפילה"
"מוסר בעבודה","2","מקופל","מוסר ומידות","פחות מ-3 פריטים, מקופל להורה","מוסר ומידות"
"משפחה וזוגיות","2","מקופל","הלכה › מצוות ומנהגים","פחות מ-3 פריטים, מקופל להורה","עניינים שונים"
"יום העצמאות - הלכה","2","נושא סינון","חגים ומועדים › יום העצמאות ויום ירושלים › הלכות יום העצמאות","רמה שלישית: הלכות","חגים - הלכה | מעגל השנה"
"מועדים - הלכה","2","מקופל","הלכה","פחות מ-3 פריטים, מקופל להורה","הלכה"
"שאלות כלליות - תפילה","2","נושא סינון","תפילה › ביאור התפילה","","תפילה"
"L'état d'Israël","2","אוסף/מכל","Cours en Français (/french)","",""
"השכמת הבוקר","2","מקופל","הלכה","פחות מ-3 פריטים, מקופל להורה","אורח חיים - הלכות יום-יום"
"תולדות","2","מקופל","תורה ולימוד › פרשת השבוע › בראשית","פחות מ-3 פריטים, מקופל להורה","חומש בראשית"
"וירא","2","מקופל","תורה ולימוד › פרשת השבוע › בראשית","פחות מ-3 פריטים, מקופל להורה","חומש בראשית"
"גניזה - הלכה","2","מקופל","הלכה","פחות מ-3 פריטים, מקופל להורה","הלכה"
"חיי שרה","2","מקופל","תורה ולימוד › פרשת השבוע › בראשית","פחות מ-3 פריטים, מקופל להורה","חומש בראשית"
"בשר וחלב - הלכה","2","נושא סינון","הלכה › כשרות ומזון › הלכות בשר וחלב","רמה שלישית: הלכות","יורה דעה - איסור והיתר"
"חג הסיגד","2","מקופל","חגים ומועדים","פחות מ-3 פריטים, מקופל להורה","מועדים"
"מכינות קדם צבאיות","2","נושא סינון","תורה ולימוד › ישיבות ומכינות","","תורה"
"פרשת מסעי","2","פרשת השבוע","תורה ולימוד › פרשת השבוע › במדבר › מסעי","","חומש במדבר"
"פרשת קרח","2","פרשת השבוע","תורה ולימוד › פרשת השבוע › במדבר › קרח","","חומש במדבר"
"גירושין","2","מקופל","זוגיות ומשפחה › חיי זוגיות","פחות מ-3 פריטים, מקופל להורה","שמירת התא המשפחתי"
"עבודת ה'","2","נושא סינון","אמונה › עבודת ה'","","אמונה"
"תחנון","2","מקופל","תפילה","פחות מ-3 פריטים, מקופל להורה","תפילה"
"מנחה ומעריב","2","נושא סינון","תפילה › הלכות תפילה","","תפילה"
"יום השואה ויום הזיכרון","2","נושא סינון","חגים ומועדים › ימי זיכרון ושואה","","מועדים | מעגל השנה"
"יום הכיפורים","2","מקופל","הלכה","פחות מ-3 פריטים, מקופל להורה","מעגל השנה"
"תענית אסתר","2","נושא סינון","חגים ומועדים › פורים","","מועדים"
"הורים - ילדים","2","מקופל","זוגיות ומשפחה","פחות מ-3 פריטים, מקופל להורה","זוגיות ומשפחה"
"שמחת תורה","2","נושא סינון","חגים ומועדים › סוכות ושמחת תורה","","מועדים"
"מזוזה - הלכה","2","נושא סינון","הלכה › מצוות ומנהגים › הלכות מזוזה","רמה שלישית: הלכות","הלכה"
"אקטואליה:שונות","2","נתיב משורשר","אקטואליה ותרבות › אקטואליה","פוצל ל: אקטואליה | שונות","אקטואליה"
"אקטואליה:הלכות שונות","2","נתיב משורשר","אקטואליה ותרבות › אקטואליה","פוצל ל: אקטואליה | הלכות שונות","אקטואליה"
"גאולה","2","נושא סינון","אמונה › גאולה ומשיח","","עניינים שונים"
"שיעורי ארח""צ בישיבה","1","אוסף/מכל","מקור: ישיבת עטרת ירושלים","",""
"זןגיות","1","כפילות/שגיאת כתיב","זוגיות ומשפחה › חיי זוגיות","כפילות של ""זוגיות""","עניינים שונים"
"תשעה באב - הלכה","1","נושא סינון","חגים ומועדים › בין המצרים ותעניות › הלכות תשעה באב","רמה שלישית: הלכות","חגים - הלכה"
"תענית יחיד","1","מקופל","הלכה","פחות מ-3 פריטים, מקופל להורה","הלכה"
"Elections","1","אוסף/מכל","Cours en Français (/french)","",""
"Alyah","1","אוסף/מכל","Cours en Français (/french)","",""
"Le Mashiah","1","אוסף/מכל","Cours en Français (/french)","","Emouna"
"Erets Israel","1","אוסף/מכל","Cours en Français (/french)","",""
"זקן ופיאות","1","מקופל","הלכה › מצוות ומנהגים","פחות מ-3 פריטים, מקופל להורה","עניינים שונים"
"מכון מאיר","1","מקופל","תורה ולימוד › ישיבות ומכינות","פחות מ-3 פריטים, מקופל להורה","ישיבות"
"יום ירושלים - הלכה","1","נושא סינון","חגים ומועדים › יום העצמאות ויום ירושלים › הלכות יום ירושלים","רמה שלישית: הלכות","חגים - הלכה"
"זקן ופאות","1","כפילות/שגיאת כתיב","→ זקן ופיאות","כפילות של ""זקן ופיאות""","הלכה"
"יום השואה והגבורה","1","נושא סינון","חגים ומועדים › ימי זיכרון ושואה","","מועדים"
"עשרת ימי תשובה","1","נושא סינון","חגים ומועדים › ימים נוראים","","מועדים"
"סוגיות סוגיות בגמרא","1","נושא סינון","תורה ולימוד › גמרא וסוגיות","",""
"מוסר במלחמה","1","נושא סינון","מדינת ישראל וצה""ל › צה""ל וביטחון","",""
"ונשמרתם לנפשותכם","1","כפילות/שגיאת כתיב","הלכה › רפואה ופיקוח נפש","כפילות של ""ונשמרתם לנפשותיכם""",""
"מקום התפילה","1","מקופל","הלכה","פחות מ-3 פריטים, מקופל להורה","אורח חיים"
"בית המקדש","1","נושא סינון","מדינת ישראל וצה""ל › הר הבית ובית המקדש","",""
"ויצא","1","מקופל","תורה ולימוד › פרשת השבוע › בראשית","פחות מ-3 פריטים, מקופל להורה","חומש בראשית"
"משלי","1","נושא סינון","תורה ולימוד › תנ""ך","","תורה"
"לימוד תודה","1","כפילות/שגיאת כתיב","תורה ולימוד › לימוד תורה","כפילות של ""לימוד תורה""",""
"ארבע פרשיות - הלכה","1","תגית","הלכה","ביטוי ספציפי עם פריט יחיד","מעגל השנה - הלכה"
"מעלת התפילה","1","מקופל","תפילה","פחות מ-3 פריטים, מקופל להורה","תפילה"
"פרשת וזאת הברכה","1","פרשת השבוע","תורה ולימוד › פרשת השבוע › דברים › וזאת הברכה","","חומש דברים"
"שמירת התא השפחתי","1","כפילות/שגיאת כתיב","זוגיות ומשפחה › חיי זוגיות","כפילות של ""שמירת התא המשפחתי""","זוגיות ומשפחה"
"חוקות הגויים","1","נושא סינון","אמונה › דתות ועמים","",""
"העולם הזה","1","מקופל","אמונה","פחות מ-3 פריטים, מקופל להורה","אמונה"
"ציצית - הלכה","1","נושא סינון","הלכה › מצוות ומנהגים › הלכות ציצית","רמה שלישית: הלכות",""
"אירוסין","1","נושא סינון","זוגיות ומשפחה › שידוכים וחתונה","",""
"ספורט","1","מקופל","אקטואליה ותרבות › תרבות הפנאי","פחות מ-3 פריטים, מקופל להורה","תרבות הפנאי"
"סיום מסכת","1","נושא סינון","תורה ולימוד › גמרא וסוגיות","","תורה"
"נעליים","1","מקופל","הלכה","פחות מ-3 פריטים, מקופל להורה","אורח חיים"
"כיפה","1","מקופל","הלכה › צניעות","פחות מ-3 פריטים, מקופל להורה",""
"בר-מצוה","1","כפילות/שגיאת כתיב","→ בר מצווה","כפילות של ""בר מצווה""","הלכה"
"שליח ציבור","1","נושא סינון","הלכה › הלכות ציבור","",""
"קריאת שמע","1","נושא סינון","תפילה › הלכות תפילה","",""
"שינה והטבת חלום","1","מקופל","הלכה","פחות מ-3 פריטים, מקופל להורה","אורח חיים"
"תפילת הדרך","1","נושא סינון","תפילה › ברכות","",""
"הגומל","1","מקופל","הלכה","פחות מ-3 פריטים, מקופל להורה","אורח חיים"
"הלכות התעטשות","1","מקופל","הלכה","פחות מ-3 פריטים, מקופל להורה","אורח חיים"
"עירובין","1","מקופל","הלכה › שבת","פחות מ-3 פריטים, מקופל להורה",""
"יום השואה","1","נושא סינון","חגים ומועדים › ימי זיכרון ושואה","",""
"יום טוב שני של גלויות","1","תגית","הלכה","ביטוי ספציפי עם פריט יחיד","אורח חיים"
"הלכות תענית","1","נושא סינון","חגים ומועדים › בין המצרים ותעניות","",""
"זכר לחורבן","1","נושא סינון","חגים ומועדים › בין המצרים ותעניות","",""
"הכותל המערבי","1","נושא סינון","מדינת ישראל וצה""ל › הר הבית ובית המקדש","",""
"עניני פיוס ומחילה","1","כפילות/שגיאת כתיב","→ ענייני פיוס ומחילה","כפילות של ""ענייני פיוס ומחילה""",""
"תוכחה ומחאה","1","מקופל","הלכה","פחות מ-3 פריטים, מקופל להורה","אורח חיים"
"סוכה","1","נושא סינון","חגים ומועדים › סוכות ושמחת תורה","",""
"שמחת תורה - הלכה","1","נושא סינון","חגים ומועדים › סוכות ושמחת תורה › הלכות שמחת תורה","רמה שלישית: הלכות","מעגל השנה"
"פורים טיש","1","מקופל","חגים ומועדים › פורים › הלכות פורים","פחות מ-3 פריטים, מקופל להורה",""
"כשרות שו""ת)","1","מקופל","הלכה › מצוות ומנהגים","פחות מ-3 פריטים, מקופל להורה","עניינים שונים"
"טבילת כלים","1","נושא סינון","הלכה › כשרות ומזון","",""
"בישול עכו""ם","1","נושא סינון","הלכה › כשרות ומזון","",""
"כפירה ופילוסופיה","1","מקופל","אמונה","פחות מ-3 פריטים, מקופל להורה","אמונה"
"כפירה","1","מקופל","הלכה","פחות מ-3 פריטים, מקופל להורה","יורה דעה"
"ריבית","1","נושא סינון","הלכה › דיני ממונות","",""
"לא ילבש","1","מקופל","הלכה › כשרות ומזון","פחות מ-3 פריטים, מקופל להורה",""
"כתובת קעקע","1","מקופל","הלכה › כשרות ומזון","פחות מ-3 פריטים, מקופל להורה",""
"טבילת גבר","1","מקופל","הלכה › מצוות ומנהגים","פחות מ-3 פריטים, מקופל להורה",""
"מקובלים","1","נושא סינון","תורה ולימוד › קבלה וחסידות","",""
"מרן הרב קוק","1","מקופל","הלכה","פחות מ-3 פריטים, מקופל להורה","יורה דעה"
"מלמדים ותלמידים","1","נושא סינון","חינוך › מוסדות חינוך ולימודים","",""
"לימוד תנ""ך באמונה","1","נושא סינון","תורה ולימוד › תנ""ך","",""
"שילוח הקן","1","מקופל","הלכה › מצוות ומנהגים","פחות מ-3 פריטים, מקופל להורה",""
"פדיון הבן","1","מקופל","זוגיות ומשפחה › הריון ולידה","פחות מ-3 פריטים, מקופל להורה",""
"מזוזה","1","נושא סינון","הלכה › מצוות ומנהגים","",""
"בכור בהמה","1","מקופל","הלכה","פחות מ-3 פריטים, מקופל להורה","יורה דעה"
"תרומות ומעשרות","1","נושא סינון","הלכה › כשרות ומזון","",""
"כיסוי ראש","1","מקופל","זוגיות ומשפחה › שידוכים וחתונה","פחות מ-3 פריטים, מקופל להורה",""
"פריה ורביה","1","מקופל","זוגיות ומשפחה › הריון ולידה","פחות מ-3 פריטים, מקופל להורה",""
"לידה","1","מקופל","זוגיות ומשפחה › הריון ולידה","פחות מ-3 פריטים, מקופל להורה",""
"יום הולדת","1","מקופל","חינוך › חינוך ילדים","פחות מ-3 פריטים, מקופל להורה",""
"הפרשת חלה","1","מקופל","הלכה › כשרות ומזון","פחות מ-3 פריטים, מקופל להורה",""
"ביקור חולים","1","מקופל","הלכה","פחות מ-3 פריטים, מקופל להורה","הלכה"
"קדושת כהנים","1","מקופל","הלכה","פחות מ-3 פריטים, מקופל להורה",""
"קברי צדיקים","1","מקופל","הלכה › מצוות ומנהגים","פחות מ-3 פריטים, מקופל להורה",""
"קבורה\בית קברות","1","מקופל","הלכה › כשרות ומזון","פחות מ-3 פריטים, מקופל להורה",""
"תרומת איברים","1","נושא סינון","הלכה › רפואה ופיקוח נפש","",""
"דברים מיוחדים","1","מקופל","הלכה › מצוות ומנהגים","פחות מ-3 פריטים, מקופל להורה","עניינים שונים"
"הלכות דירה וחנוכת הבית","1","תגית","הלכה","ביטוי ספציפי עם פריט יחיד","אבן העזר"
"גניבה\גזל","1","מקופל","מוסר ומידות","פחות מ-3 פריטים, מקופל להורה",""
"שמונה עשרה","1","מקופל","תפילה","פחות מ-3 פריטים, מקופל להורה",""
"הק הבית","1","כפילות/שגיאת כתיב","מדינת ישראל וצה""ל › הר הבית ובית המקדש","כפילות של ""הר הבית""","הר הבית"
"חברות","1","מקופל","אקטואליה ותרבות › תנועות חברתיות","פחות מ-3 פריטים, מקופל להורה",""
"חינוך לתורה ולמצוות","1","כפילות/שגיאת כתיב","חינוך › חינוך לתורה ומצוות","כפילות של ""חינוך לתורה ומצוות""","אבן העזר"
"חינוך לתורה ומצוות לימוד תורה","1","תגית","חינוך › חינוך לתורה ומצוות","ביטוי ספציפי עם פריט יחיד","חינוך לתורה ומצוות"
"הכשרת כלים","1","נושא סינון","הלכה › כשרות ומזון","",""
"אמונות טפלות\דרכי אמורי - סגולות","1","תגית","הלכה","ביטוי ספציפי עם פריט יחיד","הלכה"
"אישי התנ""ך","1","מקופל","תורה ולימוד › לימוד תורה","פחות מ-3 פריטים, מקופל להורה",""
"גמרא","1","נושא סינון","תורה ולימוד › גמרא וסוגיות","","תורה"
"הלכות סת""ם","1","מקופל","הלכה","פחות מ-3 פריטים, מקופל להורה","הלכה"
"חלק'ה","1","מקופל","זוגיות ומשפחה › הריון ולידה","פחות מ-3 פריטים, מקופל להורה",""
"חליצה","1","מקופל","הלכה › נישואין ואישות","פחות מ-3 פריטים, מקופל להורה",""
"לימוד","1","מקופל","תורה ולימוד › לימוד תורה","פחות מ-3 פריטים, מקופל להורה","לימוד תורה"
"נפילות","1","מקופל","אמונה › עבודת ה'","פחות מ-3 פריטים, מקופל להורה","עבודת ה'"
"צה""ל -","1","כפילות/שגיאת כתיב","מדינת ישראל וצה""ל › צה""ל וביטחון","כפילות של ""צה""ל""",""
"צניעות - הלכה","1","נושא סינון","הלכה › צניעות","","אבן העזר"
"עם ישראל (מאמרים) [[קטגוריה: אקטואליה","1","נתיב משורשר","מדינת ישראל וצה""ל › גאולת ישראל וציונות","פוצל ל: עם ישראל | אקטואליה",""
"מוסר ומדות","1","כפילות/שגיאת כתיב","מוסר ומידות","כפילות של ""מוסר ומידות""","מוסר ומידות"
"שמירת התא המשפחתי (מאמרים) [[קטגוריה: עבודת הזוגיות","1","נתיב משורשר","זוגיות ומשפחה › חיי זוגיות","פוצל ל: שמירת התא המשפחתי | עבודת הזוגיות",""
"זוגיות בפרשה","1","פרשת השבוע","תורה ולימוד › פרשת השבוע","","תורה"
"עבודת הזוגיות (מאמרים)","1","מקופל","זוגיות ומשפחה › חיי זוגיות","פחות מ-3 פריטים, מקופל להורה","זוגיות"
"מוסריות מדינית (מאמרים","1","מקופל","מוסר ומידות › מוסר חברתי","פחות מ-3 פריטים, מקופל להורה",""
"עובדת הזוגיות","1","כפילות/שגיאת כתיב","זוגיות ומשפחה › חיי זוגיות","כפילות של ""עבודת הזוגיות""",""
"מוסר חברתי:","1","נתיב משורשר","מוסר ומידות › מוסר חברתי","פוצל ל: מוסר חברתי","מוסר חברתי"
"אבלות - הלכות (מאמרים)‎","1","תגית","הלכה › אבלות › הלכות אבלות","ביטוי ספציפי עם פריט יחיד",""
"כבוד תלמיד חכם -הלכה","1","תגית","(ללא הורה - לבדיקה)","ביטוי ספציפי עם פריט יחיד",""
"יום השואה- הלכה","1","נושא סינון","חגים ומועדים › ימי זיכרון ושואה › הלכות יום השואה","רמה שלישית: הלכות",""
"קטגוריה תפילה","1","מקופל","אקטואליה ותרבות › אקטואליה","פחות מ-3 פריטים, מקופל להורה",""
"סליחות הלכות","1","מקופל","הלכה","פחות מ-3 פריטים, מקופל להורה","חגים - הלכה"
"איך נעשים תלמיד חכם","1","תגית","תורה ולימוד › לימוד תורה","ביטוי ספציפי עם פריט יחיד","לימוד תורה"
"שידוכים והכנה לחתונה (מאמרים)‎","1","תגית","זוגיות ומשפחה › שידוכים וחתונה","ביטוי ספציפי עם פריט יחיד",""
"לימוד תורה (מאמרים)‎","1","מקופל","תורה ולימוד › לימוד תורה","פחות מ-3 פריטים, מקופל להורה",""
"איך נשכחו תקיעות השופר בגלות?","1","תגית","חגים ומועדים","שאלה","מועדים"
"האם צריך מלווים בחתונה?","1","תגית","זוגיות ומשפחה › חיי זוגיות","שאלה","זוגיות"
"למה ה' ברא את העולם?","1","תגית","אמונה","שאלה","אמונה"
"לימוד תורה בלי לחץ","1","תגית","תורה ולימוד › לימוד תורה","ביטוי ספציפי עם פריט יחיד","לימוד תורה"
"תפילה בישיבה","1","מקופל","תפילה","פחות מ-3 פריטים, מקופל להורה","תפילה"
"אלול - הלכה","1","נושא סינון","חגים ומועדים › ימים נוראים › הלכות אלול","רמה שלישית: הלכות",""
"מצוות תוכחה","1","מקופל","מוסר ומידות › מוסר חברתי","פחות מ-3 פריטים, מקופל להורה","מוסר חברתי"
"מי ראוי להיות מורה","1","תגית","חינוך","ביטוי ספציפי עם פריט יחיד","חינוך"
"אקטואליה:מוסר חברתי","1","נתיב משורשר","אקטואליה ותרבות › אקטואליה","פוצל ל: אקטואליה | מוסר חברתי","אקטואליה"
"יצירת התחממות כדור הארץ - מדוע הגיעה העכברת?","1","תגית","אמונה › תורה ומדע","שאלה","תורה ומדע"
"קושיות והוכחות (מאמרים)‎","1","מקופל","אמונה › שאלות באמונה","פחות מ-3 פריטים, מקופל להורה",""
"אקטואליה:מדרשים ואגדות","1","נתיב משורשר","אקטואליה ותרבות › אקטואליה","פוצל ל: אקטואליה | מדרשים ואגדות","אקטואליה"
"יצירת אגדות הש""ס - חוכמת נשים","1","תגית","תורה ולימוד","שארית ייבוא (""יצירת ..."")","תורה"
"אקטואליה:סכסוך ישראלי - ערבי","1","נתיב משורשר","אקטואליה ותרבות › אקטואליה","פוצל ל: אקטואליה | סכסוך ישראלי - ערבי","אקטואליה"
"יצירת תלמידים צעירים - יחס לערבים","1","תגית","אמונה","שארית ייבוא (""יצירת ..."")","אמונה"
"אקטואליה:אמונת חכמים","1","נתיב משורשר","אקטואליה ותרבות › אקטואליה","פוצל ל: אקטואליה | אמונת חכמים","אקטואליה"
"יעד מתי לשאול רב-בין קודש לחול","1","תגית","הלכה","משפט ארוך","הלכה"
"אקטואליה:לימוד תורה","1","נתיב משורשר","אקטואליה ותרבות › אקטואליה","פוצל ל: אקטואליה | לימוד תורה","אקטואליה"
"מדוע מסכת יבמות פותחת את מסכת נשים?","1","תגית","תורה ולימוד","שאלה","תורה"
"אקטואליה:לימוד תורה:עבודת ד'","1","נתיב משורשר","אקטואליה ותרבות › אקטואליה","פוצל ל: אקטואליה | לימוד תורה | עבודת ד'","אקטואליה"
"יבום - מטרת האדם","1","תגית","תורה ולימוד","ביטוי ספציפי עם פריט יחיד","תורה"
"אקטואליה:קדושה - הלכה","1","נתיב משורשר","אקטואליה ותרבות › אקטואליה","פוצל ל: אקטואליה | קדושה - הלכה","אקטואליה"
"מה עונים לדתלשי""ם?","1","תגית","אמונה","שאלה","אמונה"
"יצירת חיסון נגד חצבת","1","תגית","הלכה","שארית ייבוא (""יצירת ..."")","הלכה"
"יצירת הספד לגבריאל הירשברג","1","תגית","אישים","שארית ייבוא (""יצירת ..."")","אישים"
"לזרוק חפץ שאחרים צריכים לו","1","תגית","מוסר ומידות › מוסר חברתי","ביטוי ספציפי עם פריט יחיד","מוסר חברתי"
"אבולוציה","1","מקופל","אמונה › תורה ומדע","פחות מ-3 פריטים, מקופל להורה","תורה ומדע"
"תורה ניתנה לחכמים","1","מקופל","תורה ולימוד","פחות מ-3 פריטים, מקופל להורה","תורה"
"יצירת פירוש רש""י על התורה","1","תגית","תורה ולימוד","שארית ייבוא (""יצירת ..."")","תורה"
"תורה : לימוד תורה","1","נתיב משורשר","תורה ולימוד","פוצל ל: תורה | לימוד תורה","תורה"
"האם יש היתר הלכתי לעשן","1","תגית","הלכה","ביטוי ספציפי עם פריט יחיד","הלכה"
"תורה : הלכות שונות","1","נתיב משורשר","תורה ולימוד","פוצל ל: תורה | הלכות שונות","תורה"
"יציאה מהישיבה לצורך חתונה","1","תגית","תורה ולימוד › לימוד תורה","ביטוי ספציפי עם פריט יחיד","ישיבת עטרת ירושלים"
"חלוקת פרקים בתנ""ך לפי הנצרות - למי להצביע בבחירות לעיריית ירושלים","1","תגית","תורה ולימוד","משפט ארוך","תורה"
"תורה : הלכות ציבור : תורה : לימוד תורה","1","נתיב משורשר","תורה ולימוד","פוצל ל: תורה | הלכות ציבור | תורה | לימוד תורה","תורה"
"עריכת חלב בכלי שני - האם קיימים שדים","1","תגית","הלכה","משפט ארוך","הלכה"
"הספד על מח""ט דרור וינברג","1","תגית","אישים","ביטוי ספציפי עם פריט יחיד","אישים"
"תורה:שונות","1","נתיב משורשר","תורה ולימוד","פוצל ל: תורה | שונות","תורה"
"ל""ג בעומר - הלכה (מאמרים)‎","1","תגית","חגים ומועדים › ל""ג בעומר › הלכות ל""ג בעומר","ביטוי ספציפי עם פריט יחיד",""
"הרב קוק (מאמרים)‎","1","מקופל","אישים › הרב קוק","פחות מ-3 פריטים, מקופל להורה",""
"תורה:תרבות המערב","1","נתיב משורשר","תורה ולימוד","פוצל ל: תורה | תרבות המערב","תורה"
"תרבות המערב = תרבות יוון","1","תגית","אקטואליה ותרבות › תרבות המערב","ביטוי ספציפי עם פריט יחיד","תרבות המערב"
"יראה מאשתך","1","מקופל","זוגיות ומשפחה › חיי זוגיות","פחות מ-3 פריטים, מקופל להורה","זוגיות"
"הספד לרב יצחק וינוגרד","1","תגית","אישים","ביטוי ספציפי עם פריט יחיד","אישים"
"האם מותר ללכת לי""ט בכסליו","1","תגית","הלכה › מצוות ומנהגים","ביטוי ספציפי עם פריט יחיד","מנהגים"
"האם כל ענינה של התורה הוא להילחם בעבודה זרה?","1","תגית","תורה ולימוד","שאלה","תורה"
"אדם ידליק נרות חנוכה בשעווה ופתאום הגיעו נרות שמן?","1","תגית","חגים ומועדים › חנוכה","שאלה","חנוכה"
"תורה:חגים - הלכה","1","נתיב משורשר","תורה ולימוד","פוצל ל: תורה | חגים - הלכה","תורה"
"יצירת תפילת יגדל אלוקים חי במנגינת שיר לא כשר","1","תגית","תפילה","שארית ייבוא (""יצירת ..."")","תפילה"
"מתי להתחתן?","1","תגית","זוגיות ומשפחה › חיי זוגיות","שאלה","זוגיות"
"תלמיד חכם שסרח","1","מקופל","מוסר ומידות › מוסר חברתי","פחות מ-3 פריטים, מקופל להורה","מוסר חברתי"
"ברכת אירוסין","1","מקופל","זוגיות ומשפחה › חיי זוגיות","פחות מ-3 פריטים, מקופל להורה","זוגיות"
"איך יודעים שלא תהיה עוד גלות?","1","תגית","אמונה › גאולה ומשיח","שאלה","גאולה ומשיח"
"איך להתייחס לגל הפיגועים?","1","תגית","אקטואליה ותרבות › אקטואליה","שאלה","אקטואליה"
"האם אסור יותר מכלי אחד בחתונה בירושלים - צום עשרה בטבת","1","תגית","זוגיות ומשפחה › חיי זוגיות","משפט ארוך","זוגיות"
"הכנה לחתונה:עשרה בטבת","1","נתיב משורשר","זוגיות ומשפחה › שידוכים וחתונה","פוצל ל: הכנה לחתונה | עשרה בטבת","הכנה לחתונה"
"שמחת חתן וכלה","1","מקופל","זוגיות ומשפחה › חיי זוגיות","פחות מ-3 פריטים, מקופל להורה","זוגיות"
"האם מותר לאכול בבית המדרש?","1","תגית","הלכה","שאלה","הלכה"
"גאולה ומשיח:גויים ביהדות","1","נתיב משורשר","אמונה › גאולה ומשיח","פוצל ל: גאולה ומשיח | גויים ביהדות","גאולה ומשיח"
"יצירת האם בכל המקומות שהרב היה בארץ ובחול ראו את אור הגאולה?","1","תגית","אמונה › גאולה ומשיח","שאלה","גאולה ומשיח"
"יצירת חשיבות לימוד התנ""ך","1","תגית","תורה ולימוד","שארית ייבוא (""יצירת ..."")","תורה"
"בעיית מסורבות הגט","1","מקופל","זוגיות ומשפחה › חיי זוגיות","פחות מ-3 פריטים, מקופל להורה","זוגיות"
"האם אישה יכולה למול את בנה?","1","תגית","הלכה","שאלה","הלכה"
"בחירות","1","נושא סינון","מדינת ישראל וצה""ל › פוליטיקה ובחירות","","פוליטיקה"
"הספד לרב וישליצקי זצ""ל","1","תגית","אישים","ביטוי ספציפי עם פריט יחיד","אישים"
"מי הפוסק בעניני סדר ונקיון בישיבה? + השגחה ובחירה","1","תגית","אמונה › שאלות באמונה","שאלה","ישיבת עטרת ירושלים"
"קושיות והוכחות:מוסר חברתי","1","נתיב משורשר","אמונה › שאלות באמונה","פוצל ל: קושיות והוכחות | מוסר חברתי","קושיות והוכחות"
"האם יש אמת אחת?","1","תגית","אמונה","שאלה","אמונה"
"סובלנות","1","מקופל","מוסר ומידות › מוסר חברתי","פחות מ-3 פריטים, מקופל להורה","מוסר חברתי"
"איך אדע מי מי אמורה להיות אשתי?","1","תגית","זוגיות ומשפחה › חיי זוגיות","שאלה","זוגיות"
"לימוד תורה- הלכות (מאמרים)","1","תגית","חגים ומועדים › שמיטה › הלכות שמיטה","ביטוי ספציפי עם פריט יחיד",""
"צה""ל (מאמרים","1","נושא סינון","מדינת ישראל וצה""ל › צה""ל וביטחון","",""
"מה היחס לתמונות של רבנים?","1","תגית","אמונה","שאלה","אמונה"
"עבודת ד':אמונת חכמים","1","נתיב משורשר","אמונה › עבודת ה'","פוצל ל: עבודת ד' | אמונת חכמים","עבודת ה'"
"למה יש שבטים ולא אחדות?","1","תגית","מדינת ישראל וצה""ל › גאולת ישראל וציונות","שאלה","עם ישראל"
"האם מותר לעשות פסל של בני אדם?","1","תגית","הלכה","שאלה","הלכה"
"ציצית ותפילין - הלכה:דתות הגויים","1","נתיב משורשר","הלכה › מצוות ומנהגים","פוצל ל: ציצית ותפילין - הלכה | דתות הגויים","ציצית ותפילין - הלכה"
"ציצית צמר נטילת ידיים בבוקר - האם אצל גויים יש אמת?","1","תגית","הלכה","שאלה","הלכה"
"עם ישראל (מאמרים)‎","1","מקופל","מדינת ישראל וצה""ל › גאולת ישראל וציונות","פחות מ-3 פריטים, מקופל להורה",""
"תחפושות בפורים","1","מקופל","חגים ומועדים › פורים","פחות מ-3 פריטים, מקופל להורה","פורים"
"הרב קוק:הלכה","1","נתיב משורשר","אישים › הרב קוק","פוצל ל: הרב קוק | הלכה","הרב קוק"
"מילים בעברית שהראי""ה והרצי""ה לא הסכימו לומר - יחסנו לאליעזר בן יהודה?","1","תגית","אמונה","שאלה","אמונה"
"משגיח קלפי + נוכחות בישיבה","1","תגית","מדינת ישראל וצה""ל › פוליטיקה ובחירות","ביטוי ספציפי עם פריט יחיד","ישיבת עטרת ירושלים"
"למה בישיבות לא לומדים אליבא דהלכתא?","1","תגית","תורה ולימוד › לימוד תורה","שאלה","ישיבת עטרת ירושלים"
"דתות הגויים:שאלות כלליות באמונה","1","נתיב משורשר","אמונה › דתות ועמים","פוצל ל: דתות הגויים | שאלות כלליות באמונה","דתות הגויים"
"מה פחות טוב לומר שהחומר ברוא או העולם ברוא?","1","תגית","אמונה","שאלה","אמונה"
"הלכה:מדינת ישראל","1","נתיב משורשר","הלכה","פוצל ל: הלכה | מדינת ישראל","הלכה"
"עבודה לתלמיד ישיבה - נוכחות בישיבה","1","תגית","הלכה","משפט ארוך","ישיבת עטרת ירושלים"
"הלכה:מדינת ישראל:דת ומדינה","1","נתיב משורשר","הלכה","פוצל ל: הלכה | מדינת ישראל | דת ומדינה","הלכה"
"מניין בכותל בראש חודש","1","תגית","תפילה","ביטוי ספציפי עם פריט יחיד","תפילה"
"מהו קידוש החול?","1","תגית","אמונה › עבודת ה'","שאלה","עבודת ה'"
"להזיז אדם מהמקום - גילוי תא חדש","1","תגית","הלכה","משפט ארוך","הלכה"
"מוסר בחיי הפרט:מוסריות:מיוחדים","1","נתיב משורשר","מוסר ומידות › מוסר בחיי הפרט","פוצל ל: מוסר בחיי הפרט | מוסריות | מיוחדים","מוסר ביהדות"
"האם בריאת העולם זה הגשמת הבורא?","1","תגית","אמונה","שאלה","אמונה"
"שאלות כלליות באמונה:תורה ומדע","1","נתיב משורשר","אמונה › שאלות באמונה","פוצל ל: שאלות כלליות באמונה | תורה ומדע","שאלות כלליות באמונה"
"הרב צבי יהודה זצ""ל","1","נושא סינון","אישים › הרב צבי יהודה","","אישים"
"הרב קוק:אמונת חכמים","1","נתיב משורשר","אישים › הרב קוק","פוצל ל: הרב קוק | אמונת חכמים","הרב קוק"
"אדם שמצד אחד חוטא ומצד שני לומד דברים עמוקים","1","תגית","אמונה › עבודת ה'","משפט ארוך","עבודת ה'"
"שאלות כלליות באמונה:תשובה:עבודת ה'","1","נתיב משורשר","אמונה › שאלות באמונה","פוצל ל: שאלות כלליות באמונה | תשובה | עבודת ה'","שאלות כלליות באמונה"
"משפט עברי","1","מקופל","הלכה","פחות מ-3 פריטים, מקופל להורה","הלכה"
"שאלות כלליות באמונה:דת ומדינה:תורה","1","נתיב משורשר","אמונה › שאלות באמונה","פוצל ל: שאלות כלליות באמונה | דת ומדינה | תורה","שאלות כלליות באמונה"
"דת ומדינה:מדינת ישראל","1","נתיב משורשר","מדינת ישראל וצה""ל › דת ומדינה","פוצל ל: דת ומדינה | מדינת ישראל","דת ומדינה"
"המשגיח קלפי - נוכחות בישיבה","1","תגית","מדינת ישראל וצה""ל › דת ומדינה","ביטוי ספציפי עם פריט יחיד","ישיבת עטרת ירושלים"
"לבוש","1","מקופל","הלכה","פחות מ-3 פריטים, מקופל להורה","הלכה"
"חללי צה""ל","1","מקופל","מדינת ישראל וצה""ל › צה""ל וביטחון","פחות מ-3 פריטים, מקופל להורה","צה""ל"
"למה בישיבה לא לומדים אליבא דהילכתא","1","תגית","תורה ולימוד › לימוד תורה","משפט ארוך","ישיבת עטרת ירושלים"
"גבולות ארץ ישראל","1","מקופל","מדינת ישראל וצה""ל › ארץ ישראל","פחות מ-3 פריטים, מקופל להורה","ארץ ישראל"
"אזכרה לחיים קרמן","1","מקופל","אישים","פחות מ-3 פריטים, מקופל להורה","אישים"
"מהו גבול ההפרדה בין בנים לבנות?","1","תגית","הלכה › צניעות","שאלה","צניעות"
"לדמותו של רשב""י על פי הזוהר","1","תגית","אישים","משפט ארוך","אישים"
"דין רודף","1","מקופל","הלכה","פחות מ-3 פריטים, מקופל להורה","הלכה"
"האם יש קדושה בחצאי פסוקים?","1","תגית","תורה ולימוד","שאלה","תורה"
"גיוס תלמידים לישיבה","1","מקופל","תורה ולימוד","פחות מ-3 פריטים, מקופל להורה","ישיבת עטרת ירושלים"
"הודאה והכרת הטוב","1","מקופל","מוסר ומידות › מידות","פחות מ-3 פריטים, מקופל להורה","מידות"
"הלכות שונות:מנהגים","1","נתיב משורשר","הלכה › מצוות ומנהגים","פוצל ל: הלכות שונות | מנהגים","הלכות שונות"
"הלכות שטריימל","1","מקופל","הלכה","פחות מ-3 פריטים, מקופל להורה","הלכה"
"האם מותר להתחתן עם אישה שהתגייסה לצה""ל?","1","תגית","זוגיות ומשפחה › חיי זוגיות","שאלה","זוגיות"
"תורה או הפגנה?","1","תגית","תורה ולימוד","שאלה","תורה"
"איך אדע מתי להתקדם לתיקון המידה הבאה?","1","תגית","מוסר ומידות › מידות","שאלה","מידות"
"עבודת המידות:מידות","1","נתיב משורשר","מוסר ומידות › מידות","פוצל ל: עבודת המידות | מידות","עבודת המידות"
"מתי אומרים ""דרכיה דרכי נעם"" בהלכה","1","תגית","הלכה","משפט ארוך","הלכה"
"האם אנו בעד כפיה דתית?","1","תגית","מדינת ישראל וצה""ל › דת ומדינה","שאלה","דת ומדינה"
"התורה במציאות:דת ומדינה:הלכות ציבור","1","נתיב משורשר","אמונה › תורה ומדע","פוצל ל: התורה במציאות | דת ומדינה | הלכות ציבור","התורה במציאות"
"איסור בשביל מצוות ארץ ישראל","1","תגית","מדינת ישראל וצה""ל › ארץ ישראל","ביטוי ספציפי עם פריט יחיד","ארץ ישראל"
"האם מותר לשמור מקום באוטובוס לאדם אחר?","1","תגית","הלכה","שאלה","הלכה"
"מוסריות:מוסר בחיי הפרט:מוסר חברתי","1","נתיב משורשר","מוסר ומידות › מוסר בחיי הפרט","פוצל ל: מוסריות | מוסר בחיי הפרט | מוסר חברתי","מוסריות"
"סדר ונקיון","1","מקופל","מוסר ומידות","פחות מ-3 פריטים, מקופל להורה","מוסר ומידות"
"היחסים שבין השכל לרגש","1","תגית","אמונה","ביטוי ספציפי עם פריט יחיד","אמונה"
"מה הם המלאכים והשדים?","1","תגית","תורה ולימוד › קבלה וחסידות","שאלה","העולם הנסתר"
"מקורות לאיסור חברה מעורבת","1","תגית","הלכה › צניעות","ביטוי ספציפי עם פריט יחיד","צניעות"
"פתרונות לגר שמל בערב שבת ולא הפסיק לטבול","1","תגית","הלכה","משפט ארוך","הלכה"
"האם יש מנגינות קדושות?","1","תגית","אמונה › עבודת ה'","שאלה","עבודת ה'"
"האם מותר לטלטל כלי חשמלי בשבת?","1","תגית","הלכה › שבת","שאלה","שבת ויום טוב"
"בדיני לא ילבש וחוקות הגויים","1","תגית","הלכה","ביטוי ספציפי עם פריט יחיד","הלכה"
"תרבות המערב:שאלות כלליות באמונה","1","נתיב משורשר","אקטואליה ותרבות › תרבות המערב","פוצל ל: תרבות המערב | שאלות כלליות באמונה","תרבות המערב"
"כיצד יתכן שבלעם היה שקול כמשה?","1","תגית","תורה ולימוד › תנ""ך","שאלה","אישים בתנ""ך"
"תורה:אישים בתנ""ך","1","נתיב משורשר","תורה ולימוד","פוצל ל: תורה | אישים בתנ""ך","תורה"
"מדוע אישה לא יכולה להיבחר אך יכולה לבחור?","1","תגית","זוגיות ומשפחה › נשים","שאלה","נשים"
"פוליטיקה:מדינת ישראל:דת ומדינה:הלכות ציבור:צניעות","1","נתיב משורשר","מדינת ישראל וצה""ל › פוליטיקה ובחירות","פוצל ל: פוליטיקה | מדינת ישראל | דת ומדינה | הלכות ציבור | צניעות","פוליטיקה"
"הלכה:הלכות חברה:הלכות שונות:מוסר חברתי","1","נתיב משורשר","הלכה","פוצל ל: הלכה | הלכות חברה | הלכות שונות | מוסר חברתי","הלכה"
"מתי מותר לשקר?","1","תגית","מוסר ומידות › מוסר חברתי","שאלה","מוסר חברתי"
"אבילות:הלכות שונות:הלכה:הכרת הטוב","1","נתיב משורשר","הלכה › אבלות","פוצל ל: אבילות | הלכות שונות | הלכה | הכרת הטוב","הלכה"
"האם חייבים לקיים את צוואתו של המת?","1","תגית","הלכה","שאלה","הלכה"
"שימוש ת""ח זה הפתרון לחוסר כישרון בלימוד התורה","1","תגית","תורה ולימוד › לימוד תורה","משפט ארוך","לימוד תורה"
"חשיבות ההתמדה והסדרים","1","מקופל","תורה ולימוד › לימוד תורה","פחות מ-3 פריטים, מקופל להורה","לימוד תורה"
"לימוד תורה:התורה במציאות:חינוך לתורה ומצוות:מוסר חברתי:שאלות כלליות - תפילה","1","נתיב משורשר","תורה ולימוד › לימוד תורה","פוצל ל: לימוד תורה | התורה במציאות | חינוך לתורה ומצוות | מוסר חברתי | שאלות כלליות - תפילה","לימוד תורה"
"השכמת בוקר - הלכה:הלכה:הלכות שונות:מדינת ישראל:פוליטיקה:דת ומדינה:","1","נתיב משורשר","הלכה","פוצל ל: השכמת בוקר - הלכה | הלכה | הלכות שונות | מדינת ישראל | פוליטיקה | דת ומדינה","הלכה"
"פוליטיקה בישיבה - נטילת ידיים בשרותים","1","תגית","הלכה","משפט ארוך","ישיבת עטרת ירושלים"
"האם מותר להשתמש בכוס המשנה צבעה מחמת החום בשבת?","1","תגית","הלכה › שבת","שאלה","שבת ויום טוב"
"האם שלושת המצוות שבארץ תלויות אלו באלו?","1","תגית","מדינת ישראל וצה""ל › ארץ ישראל","שאלה","ארץ ישראל"
"הלכה:ארץ ישראל","1","נתיב משורשר","הלכה","פוצל ל: הלכה | ארץ ישראל","הלכה"
"המטרה והדרך בזמן הישיבה","1","תגית","תורה ולימוד › לימוד תורה","ביטוי ספציפי עם פריט יחיד","ישיבת עטרת ירושלים"
"לימוד תורה:חינוך לתורה ומצוות","1","נתיב משורשר","תורה ולימוד › לימוד תורה","פוצל ל: לימוד תורה | חינוך לתורה ומצוות","לימוד תורה"
"כיצד ניתן לחוש את חורבן הבית?","1","תגית","חגים ומועדים","שאלה","מועדים"
"תשעה באב:בין המצרים","1","נתיב משורשר","חגים ומועדים › בין המצרים ותעניות","פוצל ל: תשעה באב | בין המצרים","תשעה באב"
"צניעות לגברים בתפילה בלבוש וביום יום","1","תגית","הלכה › צניעות","משפט ארוך","צניעות"
"הבחירה החופשית","1","מקופל","אמונה","פחות מ-3 פריטים, מקופל להורה","אמונה"
"עבודת ה':","1","נתיב משורשר","אמונה › עבודת ה'","פוצל ל: עבודת ה'","עבודת ה'"
"מוסריות:מוסר בחיי הפרט:","1","נתיב משורשר","מוסר ומידות › מוסר בחיי הפרט","פוצל ל: מוסריות | מוסר בחיי הפרט","מוסריות"
"מדוע בישיבות לא לומדים רוב היום מוסר אם המטרה בישיבה היא יראת שמיים?","1","תגית","תורה ולימוד › לימוד תורה","שאלה","ישיבת עטרת ירושלים"
"מדוע מסכת בבא קמא היא המסכת הראשונה בסדר נזיקין?","1","תגית","תורה ולימוד","שאלה","תורה"
"בדין העושה מצווה שבחלקה הוא איננו לשמה?","1","תגית","אמונה › עבודת ה'","שאלה","עבודת ה'"
"ארבע קושיות על מפלגת נעם","1","תגית","מדינת ישראל וצה""ל › פוליטיקה ובחירות","ביטוי ספציפי עם פריט יחיד","פוליטיקה"
"דת ומדינה:פוליטיקה:מדינת ישראל:","1","נתיב משורשר","מדינת ישראל וצה""ל › דת ומדינה","פוצל ל: דת ומדינה | פוליטיקה | מדינת ישראל","דת ומדינה"
"מדינת ישראל:פוליטיקה:דת ומדינה","1","נתיב משורשר","מדינת ישראל וצה""ל","פוצל ל: מדינת ישראל | פוליטיקה | דת ומדינה","מדינת ישראל"
"רבי צדוק הכהן מלובלין (ומפלגת נעם) (וידאו)","1","תגית","אישים","משפט ארוך","אישים"
"האם לבן סורר ומורה יש בחירה חופשית","1","תגית","אמונה","משפט ארוך","אמונה"
"ארץ ישראל:דיני ממונות","1","נתיב משורשר","מדינת ישראל וצה""ל › ארץ ישראל","פוצל ל: ארץ ישראל | דיני ממונות","ארץ ישראל"
"היכן יש מצווה להתיישב - דין מים של שכן שטפטפו על גגו של שכן אחר","1","תגית","מדינת ישראל וצה""ל › ארץ ישראל","משפט ארוך","ארץ ישראל"
"יום כיפור:שאלות כלליות באמונה","1","נתיב משורשר","חגים ומועדים › ימים נוראים","פוצל ל: יום כיפור | שאלות כלליות באמונה","יום כיפור"
"מה הטעם למצוות שילוח השעיר לעזאזל?","1","תגית","חגים ומועדים","שאלה","מועדים"
"טיסה לאומן, ותורתו של רבי נחמן","1","תגית","אישים","משפט ארוך","אישים"
"על הפילוג (שאין) בעם בעקבות הבחירות","1","תגית","מדינת ישראל וצה""ל › גאולת ישראל וציונות","משפט ארוך","עם ישראל"
"השוחט בהמה ונמצאה טריפה-האם חייב על הטרפת הכלים?","1","תגית","הלכה › כשרות ומזון","שאלה","כשרות"
"מדוע בישיבות לא לומדים אליבא דהלכתא?","1","תגית","תורה ולימוד › לימוד תורה","שאלה","ישיבת עטרת ירושלים"
"האם כל דעה היא לגיטימית","1","תגית","אמונה","ביטוי ספציפי עם פריט יחיד","אמונה"
"מה היחס לדעות מבתי מדרש שונים מאיתנו?","1","תגית","אמונה","שאלה","אמונה"
"זוגיות:חינוך זוגי","1","נתיב משורשר","זוגיות ומשפחה › חיי זוגיות","פוצל ל: זוגיות | חינוך זוגי","זוגיות"
"שלבי האהבה השכלית והאהבה הטבעית","1","תגית","אמונה","ביטוי ספציפי עם פריט יחיד","אמונה"
"הלכות חתונה","1","מקופל","הלכה","פחות מ-3 פריטים, מקופל להורה","הלכה"
"האם אישה חייבת לעשות את רצון בעלה?","1","תגית","זוגיות ומשפחה › חיי זוגיות","שאלה","זוגיות"
"איך התשובה יכולה לכפר על העוון?","1","תגית","אמונה › תשובה","שאלה","תשובה"
"מדוע אישה לא יכולה לעלות לתורה?","1","תגית","זוגיות ומשפחה › נשים","שאלה","נשים"
"על הזמנת ליוויים בשבת-כהמשך לשיעורו של הגאון רבי אשר וויס שליט""א","1","תגית","הלכה › שבת","משפט ארוך","שבת ויום טוב"
"שבת ויום טוב: פיקוח נפש","1","נתיב משורשר","הלכה › שבת","פוצל ל: שבת ויום טוב | פיקוח נפש","שבת ויום טוב"
"כיצד ניתן לדעת שהרצון להתחתן הוא רצון אמיתי?","1","תגית","זוגיות ומשפחה › חיי זוגיות","שאלה","זוגיות"
"האם להגיע ליראת הרוממות ניתן להגיע רק על ידי לימוד אמונה?","1","תגית","אמונה","שאלה","אמונה"
"לימוד אמונה: עבודת ה'","1","נתיב משורשר","אמונה › שאלות באמונה","פוצל ל: לימוד אמונה | עבודת ה'","לימוד אמונה"
"מדוע צה""ל אינו נלחם בעזה כפי הראוי?","1","תגית","מדינת ישראל וצה""ל › צה""ל וביטחון","שאלה","צה""ל"
"מוסר בחיי הפרט: מוסריות: מוסר בחיי הפרט: הלכות חברה","1","נתיב משורשר","מוסר ומידות › מוסר בחיי הפרט","פוצל ל: מוסר בחיי הפרט | מוסריות | מוסר בחיי הפרט | הלכות חברה","מוסר ביהדות"
"כיצד ניתן להדבק בקב""ה, עם זאת שאי אפשר לתופסו בשכל?","1","תגית","אמונה","שאלה","אמונה"
"אמונת חכמים :לימוד תורה","1","נתיב משורשר","תורה ולימוד › תלמידי חכמים ואמונת חכמים","פוצל ל: אמונת חכמים | לימוד תורה","אמונת חכמים"
"על שיחות שבין אדם לחבירו","1","תגית","מוסר ומידות › מוסר חברתי","ביטוי ספציפי עם פריט יחיד","מוסר חברתי"
"תנועת בני נח","1","מקופל","מדינת ישראל וצה""ל › גאולת ישראל וציונות","פחות מ-3 פריטים, מקופל להורה","עם ישראל"
"מדוע האיש והאישה נבראו שונים אם הקב""ה רצה שהם יתחתנו?","1","תגית","זוגיות ומשפחה › חיי זוגיות","שאלה","זוגיות"
"האם מותר לגדל כלבים?","1","תגית","הלכה","שאלה","הלכה"
"מוסריות: הלכות שונות: מוסר חברתי","1","נתיב משורשר","מוסר ומידות › מוסר בחיי הפרט","פוצל ל: מוסריות | הלכות שונות | מוסר חברתי","מוסריות"
"דיני ממונות:פוליטיקה:מוסריות:מוסר חברתי","1","נתיב משורשר","הלכה › דיני ממונות","פוצל ל: דיני ממונות | פוליטיקה | מוסריות | מוסר חברתי","דיני ממונות"
"שו""ת על מחאה קנייה מאילת והתנהגות ראויה בין אדם לחברו - הרב שלמה אבינר","1","תגית","הלכה","משפט ארוך","שו""ת"
"יוסף הצדיק ראש הנלחמים ביצר הרע","1","תגית","תורה ולימוד › תנ""ך","משפט ארוך","אישים בתנ""ך"
"פרשת השבוע: פרשת שבוע","1","פרשת השבוע","תורה ולימוד › פרשת השבוע","","פרשת השבוע"
"דרכי תשובה","1","מקופל","אמונה › תשובה","פחות מ-3 פריטים, מקופל להורה","תשובה"
"האם חתן חייב ללמוד ביום חופתו?","1","תגית","זוגיות ומשפחה › חיי זוגיות","שאלה","זוגיות"
"מדוע חשמל אסור בשבת?","1","תגית","הלכה › שבת","שאלה","שבת ויום טוב"
"הורים וילדים: חינוך: חינוך לתורה ומצוות:תרבות המערב","1","נתיב משורשר","זוגיות ומשפחה › הורים וילדים","פוצל ל: הורים וילדים | חינוך | חינוך לתורה ומצוות | תרבות המערב","חינוך לתורה ומצוות"
"מדוע קורה שלאדם צדיק נולד בן רשע?","1","תגית","אמונה","שאלה","אמונה"
"קצת מדיני חנוכה","1","מקופל","חגים ומועדים › חנוכה","פחות מ-3 פריטים, מקופל להורה","חנוכה"
"הדלקת נרות בבית הכנסת ודינים נוספים","1","תגית","חגים ומועדים › חנוכה","משפט ארוך","חנוכה"
"חגים - הלכה:בית כנסת - הלכה","1","נתיב משורשר","הלכה › הלכות ציבור","פוצל ל: חגים - הלכה | בית כנסת - הלכה","חגים - הלכה"
"כיצד טימאו היוונים את כל השמנים במקדש-יחסנו אל תרבות יוון?","1","תגית","חגים ומועדים › חנוכה","שאלה","חנוכה"
"מדוע אנו אומרים שהיוונים הם חושך?","1","תגית","חגים ומועדים › חנוכה","שאלה","חנוכה"
"כהניך קדושים","1","מקופל","הלכה","פחות מ-3 פריטים, מקופל להורה","הלכה"
"חיבה בין בני זוג ברחוב","1","תגית","הלכה › צניעות","ביטוי ספציפי עם פריט יחיד","צניעות"
"דברים לעשרה בטבת - קשיים בזוגיות","1","תגית","חגים ומועדים › בין המצרים ותעניות","משפט ארוך","עשרה בטבת"
"פריימריז פתוחים","1","מקופל","מדינת ישראל וצה""ל › פוליטיקה ובחירות","פחות מ-3 פריטים, מקופל להורה","פוליטיקה"
"תשובות לטענה כי התבטלה מגילת תענית בגלל שחגיה לאומיים וללא קדושה","1","תגית","חגים ומועדים","משפט ארוך","מועדים"
"איך ללמד את התורה?","1","תגית","תורה ולימוד › לימוד תורה","שאלה","לימוד תורה"
"איך כל עם ישראל מקפיד על הברית מילה?","1","תגית","מדינת ישראל וצה""ל › גאולת ישראל וציונות","שאלה","עם ישראל"
"השפעת המצוות: שאלות כלליות באמונה","1","נתיב משורשר","אמונה › עבודת ה'","פוצל ל: השפעת המצוות | שאלות כלליות באמונה","השפעת המצוות"
"על חשיבות הספר פסקי הראי""ה","1","תגית","תורה ולימוד","ביטוי ספציפי עם פריט יחיד","תורה"
"ארץ ישראל: סכסוך ישראלי - ערבי: מדינת ישראל: פוליטיקה","1","נתיב משורשר","מדינת ישראל וצה""ל › ארץ ישראל","פוצל ל: ארץ ישראל | סכסוך ישראלי - ערבי | מדינת ישראל | פוליטיקה","ארץ ישראל"
"שאלות כלליות - תורה: לימוד תורה","1","נתיב משורשר","תורה ולימוד › לימוד תורה","פוצל ל: שאלות כלליות - תורה | לימוד תורה","שאלות כלליות - תורה"
"חינוך לתורה ומצוות: לימוד תורה","1","נתיב משורשר","חינוך › חינוך לתורה ומצוות","פוצל ל: חינוך לתורה ומצוות | לימוד תורה","חינוך לתורה ומצוות"
"פורים: הלכה","1","נתיב משורשר","חגים ומועדים › פורים","פוצל ל: פורים | הלכה","פורים"
"עם ישראל: פוליטיקה","1","נתיב משורשר","מדינת ישראל וצה""ל › גאולת ישראל וציונות","פוצל ל: עם ישראל | פוליטיקה","עם ישראל"
"אקטואליה: שאלות שונות באמונה","1","נתיב משורשר","אקטואליה ותרבות › אקטואליה","פוצל ל: אקטואליה | שאלות שונות באמונה","אקטואליה"
"חלק ראשון עניני קורונה חלק שני מדוע יש קורונה","1","תגית","אקטואליה ותרבות › אקטואליה","משפט ארוך","אקטואליה"
"מדוע יוון מכונים חושך?","1","תגית","חגים ומועדים › חנוכה","שאלה","חנוכה"
"שירותים","1","מקופל","הלכה","פחות מ-3 פריטים, מקופל להורה",""
"ברכת התורה","1","מקופל","הלכה","פחות מ-3 פריטים, מקופל להורה","אורח חיים"
"שם ד'","1","מקופל","הלכה","פחות מ-3 פריטים, מקופל להורה","אורח חיים"
"תפילין של רבינו תם","1","תגית","הלכה","ביטוי ספציפי עם פריט יחיד","אורח חיים"
"בר מצוה","1","כפילות/שגיאת כתיב","→ בר מצווה","כפילות של ""בר מצווה""","אורח חיים"
"תפילה במניין","1","מקופל","הלכה","פחות מ-3 פריטים, מקופל להורה","אורח חיים"
"תפילה – דינים שונים","1","תגית","הלכה","ביטוי ספציפי עם פריט יחיד","אורח חיים"
"תפילה – שליח ציבור","1","תגית","הלכה","ביטוי ספציפי עם פריט יחיד","אורח חיים"
"ערב וקריאת שמע על המיטה","1","תגית","הלכה","ביטוי ספציפי עם פריט יחיד","אורח חיים"
"בית הכנסת ובית מדרש","1","כפילות/שגיאת כתיב","הלכה › הלכות ציבור","כפילות של ""בית כנסת ובית מדרש""","אורח חיים"
"נטילת ידים בעבור אכילה","1","תגית","הלכה","ביטוי ספציפי עם פריט יחיד","אורח חיים"
"סעודה\מזון","1","מקופל","הלכה","פחות מ-3 פריטים, מקופל להורה","אורח חיים"
"ברכות על מזון","1","מקופל","הלכה","פחות מ-3 פריטים, מקופל להורה",""
"ברכת המזון וברכה אחרונה","1","תגית","הלכה","ביטוי ספציפי עם פריט יחיד","אורח חיים"
"שהחיינו\הטוב והמטיב","1","מקופל","הלכה","פחות מ-3 פריטים, מקופל להורה","אורח חיים"
"תפלת הדרך","1","כפילות/שגיאת כתיב","תפילה › ברכות","כפילות של ""תפילת הדרך""",""
"ברכות – שונות","1","מקופל","הלכה","פחות מ-3 פריטים, מקופל להורה","אורח חיים"
"שבת – הכנות, הדלקת הנרות וכו'","1","תגית","הלכה","משפט ארוך","אורח חיים"
"הלכות ""שבת שלום""","1","מקופל","הלכה","פחות מ-3 פריטים, מקופל להורה",""
"שבת – קידוש וסעודות","1","תגית","הלכה","ביטוי ספציפי עם פריט יחיד","אורח חיים"
"שבת – תפילות, קריאת התורה ושמו""ת","1","תגית","הלכה","משפט ארוך","אורח חיים"
"שבת – מוקצה","1","מקופל","הלכה","פחות מ-3 פריטים, מקופל להורה","אורח חיים"
"שבת – מלאכות","1","נושא סינון","הלכה › שבת","","אורח חיים"
"שבת – שונות","1","מקופל","הלכה","פחות מ-3 פריטים, מקופל להורה","אורח חיים"
"שבת – הבדלה","1","מקופל","הלכה","פחות מ-3 פריטים, מקופל להורה","אורח חיים"
"פסח – חמץ וקטניות","1","תגית","חגים ומועדים","ביטוי ספציפי עם פריט יחיד","מועדים"
"פסח - מצה","1","כפילות/שגיאת כתיב","→ פסח – מצה","כפילות של ""פסח – מצה""","מועדים"
"פסח – ליל הסדר","1","תגית","חגים ומועדים","ביטוי ספציפי עם פריט יחיד","מועדים"
"פסח - שונות","1","כפילות/שגיאת כתיב","→ פסח – שונות","כפילות של ""פסח – שונות""","מועדים"
"ימי ספירת העומר","1","מקופל","הלכה","פחות מ-3 פריטים, מקופל להורה","אורח חיים"
"יום השואה\השואה","1","מקופל","הלכה","פחות מ-3 פריטים, מקופל להורה","אורח חיים"
"יום טוב","1","מקופל","הלכה","פחות מ-3 פריטים, מקופל להורה",""
"יום טוב שני של גליות","1","כפילות/שגיאת כתיב","→ יום טוב שני של גלויות","כפילות של ""יום טוב שני של גלויות""","אורח חיים"
"אלול","1","נושא סינון","חגים ומועדים › ימים נוראים","","מועדים"
"יום כפור","1","כפילות/שגיאת כתיב","חגים ומועדים › ימים נוראים","כפילות של ""יום כיפור""",""
"לולב","1","מקופל","חגים ומועדים › סוכות ושמחת תורה","פחות מ-3 פריטים, מקופל להורה","סוכות"
"פרשת זכור","1","נושא סינון","חגים ומועדים › פורים","","מועדים"
"הלכות פסח לחייל","1","מקופל","מדינת ישראל וצה""ל › צה""ל וביטחון","פחות מ-3 פריטים, מקופל להורה","צה""ל"
"הלכות בין המצרים לחייל","1","תגית","מדינת ישראל וצה""ל › צה""ל וביטחון","ביטוי ספציפי עם פריט יחיד","צה""ל"
"הלכות ראש השנה לחייל","1","תגית","מדינת ישראל וצה""ל › צה""ל וביטחון","ביטוי ספציפי עם פריט יחיד","צה""ל"
"הלכות יום הכיפורים לחייל","1","תגית","מדינת ישראל וצה""ל › צה""ל וביטחון","ביטוי ספציפי עם פריט יחיד","צה""ל"
"הלכות סוכות לחייל","1","מקופל","מדינת ישראל וצה""ל › צה""ל וביטחון","פחות מ-3 פריטים, מקופל להורה","צה""ל"
"הלכות חנוכה לחייל","1","מקופל","מדינת ישראל וצה""ל › צה""ל וביטחון","פחות מ-3 פריטים, מקופל להורה","צה""ל"
"הלכות פורים לחייל","1","מקופל","מדינת ישראל וצה""ל › צה""ל וביטחון","פחות מ-3 פריטים, מקופל להורה","צה""ל"
"בשר בחלב","1","כפילות/שגיאת כתיב","הלכה › כשרות ומזון","כפילות של ""בשר וחלב""","יורה דעה"
"קונטרס אהבת ישראל ואכילה","1","תגית","הלכה","ביטוי ספציפי עם פריט יחיד",""
"סגולות","1","מקופל","הלכה","פחות מ-3 פריטים, מקופל להורה","יורה דעה"
"תאריך נוצרי","1","מקופל","הלכה","פחות מ-3 פריטים, מקופל להורה","יורה דעה"
"אמונות טפלות\דרכי אמורי","1","מקופל","הלכה","פחות מ-3 פריטים, מקופל להורה",""
"סכנה","1","מקופל","הלכה","פחות מ-3 פריטים, מקופל להורה","יורה דעה"
"שחייה","1","מקופל","הלכה","פחות מ-3 פריטים, מקופל להורה","יורה דעה"
"טהרת המשפחה\מקוה","1","מקופל","הלכה","פחות מ-3 פריטים, מקופל להורה",""
"נדרים\שבועות","1","מקופל","הלכה","פחות מ-3 פריטים, מקופל להורה",""
"כיבוד אב ואם","1","מקופל","הלכה","פחות מ-3 פריטים, מקופל להורה","יורה דעה"
"שו""ת נכדים וסבים","1","מקופל","הלכה","פחות מ-3 פריטים, מקופל להורה","יורה דעה"
"תלמידי חכם","1","מקופל","הלכה","פחות מ-3 פריטים, מקופל להורה","יורה דעה"
"רבנו הרב צבי יהודה","1","תגית","הלכה","ביטוי ספציפי עם פריט יחיד","יורה דעה"
"הלכות בין הזמנים","1","מקופל","הלכה","פחות מ-3 פריטים, מקופל להורה","יורה דעה"
"לימוד גמרא לבנות","1","מקופל","הלכה","פחות מ-3 פריטים, מקופל להורה","יורה דעה"
"בשם אומרו","1","מקופל","הלכה","פחות מ-3 פריטים, מקופל להורה",""
"הסכם יששכר וזבולון","1","מקופל","הלכה","פחות מ-3 פריטים, מקופל להורה","יורה דעה"
"רבי נחמן","1","מקופל","הלכה","פחות מ-3 פריטים, מקופל להורה","יורה דעה"
"סיום","1","מקופל","הלכה","פחות מ-3 פריטים, מקופל להורה",""
"צדקה ומעשר כספים","1","מקופל","הלכה","פחות מ-3 פריטים, מקופל להורה","יורה דעה"
"שמות","1","מקופל","הלכה","פחות מ-3 פריטים, מקופל להורה","יורה דעה"
"ספר תורה","1","מקופל","הלכה","פחות מ-3 פריטים, מקופל להורה","יורה דעה"
"כבוד הספרים","1","מקופל","הלכה","פחות מ-3 פריטים, מקופל להורה",""
"גניזה","1","מקופל","הלכה","פחות מ-3 פריטים, מקופל להורה","יורה דעה"
"חדש","1","מקופל","הלכה","פחות מ-3 פריטים, מקופל להורה",""
"אבלות","1","נושא סינון","הלכה › אבלות","",""
"רפואה","1","נושא סינון","הלכה › רפואה ופיקוח נפש","","יורה דעה"
"שבע ברכות","1","מקופל","הלכה","פחות מ-3 פריטים, מקופל להורה",""
"נישואים","1","מקופל","הלכה","פחות מ-3 פריטים, מקופל להורה",""
"גידול בנים","1","מקופל","הלכה","פחות מ-3 פריטים, מקופל להורה",""
"גיטין\גירושים","1","נושא סינון","הלכה › נישואין ואישות","",""
"שמירת נגיעה","1","מקופל","הלכה","פחות מ-3 פריטים, מקופל להורה",""
"תנועת נוער","1","מקופל","הלכה","פחות מ-3 פריטים, מקופל להורה",""
"בגדים\יופי","1","מקופל","הלכה","פחות מ-3 פריטים, מקופל להורה",""
"שירה","1","מקופל","הלכה","פחות מ-3 פריטים, מקופל להורה",""
"יחוד","1","מקופל","הלכה","פחות מ-3 פריטים, מקופל להורה",""
"ייחוד","1","מקופל","הלכה","פחות מ-3 פריטים, מקופל להורה",""
"בידור","1","מקופל","הלכה","פחות מ-3 פריטים, מקופל להורה",""
"הלכות ביקור במוזיאון","1","מקופל","הלכה","פחות מ-3 פריטים, מקופל להורה",""
"סמ""ס","1","מקופל","הלכה","פחות מ-3 פריטים, מקופל להורה",""
"טלפון","1","מקופל","הלכה","פחות מ-3 פריטים, מקופל להורה",""
"אינטרנט","1","מקופל","הלכה","פחות מ-3 פריטים, מקופל להורה",""
"יצרים","1","מקופל","הלכה","פחות מ-3 פריטים, מקופל להורה",""
"טהרת הברית","1","מקופל","הלכה","פחות מ-3 פריטים, מקופל להורה",""
"הרצל","1","נושא סינון","מדינת ישראל וצה""ל › גאולת ישראל וציונות","",""
"אנטי ציונים חריפים","1","מקופל","הלכה › מצוות ומנהגים","פחות מ-3 פריטים, מקופל להורה",""
"עברית","1","מקופל","הלכה › מצוות ומנהגים","פחות מ-3 פריטים, מקופל להורה","עניינים שונים"
"טיולים בארץ ישראל","1","מקופל","הלכה › מצוות ומנהגים","פחות מ-3 פריטים, מקופל להורה","עניינים שונים"
"ממשלת ישראל","1","מקופל","מדינת ישראל וצה""ל","פחות מ-3 פריטים, מקופל להורה","מדינת ישראל"
"מדי צה""ל","1","מקופל","מדינת ישראל וצה""ל › צה""ל וביטחון","פחות מ-3 פריטים, מקופל להורה","צה""ל"
"מלחמה","1","מקופל","הלכה › מצוות ומנהגים","פחות מ-3 פריטים, מקופל להורה","עניינים שונים"
"עמלק","1","מקופל","הלכה › מצוות ומנהגים","פחות מ-3 פריטים, מקופל להורה","עניינים שונים"
"שו""ת על הגירוש מגוש קטיף, לפניו ולאחריו","1","תגית","הלכה › מצוות ומנהגים","משפט ארוך","עניינים שונים"
"פרשת גלעד שליט","1","מקופל","הלכה › מצוות ומנהגים","פחות מ-3 פריטים, מקופל להורה","עניינים שונים"
"מבצע ""עומד הענן""","1","מקופל","הלכה › מצוות ומנהגים","פחות מ-3 פריטים, מקופל להורה","עניינים שונים"
"שירות לאומי","1","מקופל","הלכה › מצוות ומנהגים","פחות מ-3 פריטים, מקופל להורה",""
"יהונתן פולארד","1","מקופל","הלכה › מצוות ומנהגים","פחות מ-3 פריטים, מקופל להורה","עניינים שונים"
"ערבים","1","מקופל","הלכה › מצוות ומנהגים","פחות מ-3 פריטים, מקופל להורה","עניינים שונים"
"משיח","1","מקופל","הלכה › מצוות ומנהגים","פחות מ-3 פריטים, מקופל להורה","עניינים שונים"
"חב""ד","1","מקופל","הלכה › מצוות ומנהגים","פחות מ-3 פריטים, מקופל להורה","עניינים שונים"
"מידות טובות","1","מקופל","הלכה › מצוות ומנהגים","פחות מ-3 פריטים, מקופל להורה","עניינים שונים"
"מצוות\הלכה","1","מקופל","הלכה › מצוות ומנהגים","פחות מ-3 פריטים, מקופל להורה","עניינים שונים"
"קידוש השם","1","מקופל","הלכה › מצוות ומנהגים","פחות מ-3 פריטים, מקופל להורה","עניינים שונים"
"הלוואה","1","מקופל","הלכה","פחות מ-3 פריטים, מקופל להורה",""
"מסחר","1","מקופל","הלכה","פחות מ-3 פריטים, מקופל להורה",""
"השבת אבידה","1","מקופל","הלכה","פחות מ-3 פריטים, מקופל להורה",""
"עבודה","1","מקופל","הלכה","פחות מ-3 פריטים, מקופל להורה",""
"בל תשחית","1","מקופל","הלכה","פחות מ-3 פריטים, מקופל להורה",""
"צער בעלי חיים","1","מקופל","הלכה","פחות מ-3 פריטים, מקופל להורה",""
"בעלי חיים - שונות","1","כפילות/שגיאת כתיב","→ בעלי חיים – שונות","כפילות של ""בעלי חיים – שונות""",""
"הלכות שומרים","1","מקופל","הלכה › מצוות ומנהגים","פחות מ-3 פריטים, מקופל להורה","עניינים שונים"
"שקר","1","מקופל","הלכה","פחות מ-3 פריטים, מקופל להורה",""
"גניבת דעת","1","מקופל","הלכה","פחות מ-3 פריטים, מקופל להורה",""
"חוקי תנואה","1","כפילות/שגיאת כתיב","→ חוקי תנועה","כפילות של ""חוקי תנועה""",""
"הלכות טרמפ","1","מקופל","הלכה","פחות מ-3 פריטים, מקופל להורה",""
"הלכות אוטובוס","1","מקופל","הלכה","פחות מ-3 פריטים, מקופל להורה",""
"נזקים","1","מקופל","הלכה","פחות מ-3 פריטים, מקופל להורה",""
"הלכות חורף","1","מקופל","הלכה","פחות מ-3 פריטים, מקופל להורה",""
"בית משפט","1","מקופל","הלכה","פחות מ-3 פריטים, מקופל להורה",""
"סנהדרין","1","מקופל","הלכה","פחות מ-3 פריטים, מקופל להורה",""
"בית דין","1","מקופל","הלכה","פחות מ-3 פריטים, מקופל להורה",""
"רוצחים","1","מקופל","הלכה","פחות מ-3 פריטים, מקופל להורה",""
"הלכות שכנים","1","מקופל","הלכה","פחות מ-3 פריטים, מקופל להורה",""
"ספרות","1","מקופל","הלכה","פחות מ-3 פריטים, מקופל להורה",""
"שירה\מוזיקה","1","מקופל","הלכה","פחות מ-3 פריטים, מקופל להורה",""
"הלכות פירות שביעית","1","מקופל","הלכה","פחות מ-3 פריטים, מקופל להורה",""
"ראשית הגז","1","מקופל","הלכה","פחות מ-3 פריטים, מקופל להורה",""
"ערלה","1","מקופל","הלכה","פחות מ-3 פריטים, מקופל להורה",""
"הלכות כתב סת""ם","1","מקופל","הלכה","פחות מ-3 פריטים, מקופל להורה",""
"רבנות ראשית","1","מקופל","הלכה","פחות מ-3 פריטים, מקופל להורה",""
"אמונות תפלות\דרכי האמורי","1","כפילות/שגיאת כתיב","→ אמונות טפלות\דרכי אמורי","כפילות של ""אמונות תפלות\דרכי אמורי""",""
"עבודה זרה וכפירה","1","מקופל","הלכה","פחות מ-3 פריטים, מקופל להורה",""
"יום הזכרון","1","מקופל","הלכה","פחות מ-3 פריטים, מקופל להורה",""
"שואה","1","מקופל","הלכה","פחות מ-3 פריטים, מקופל להורה",""
"אייר","1","מקופל","הלכה","פחות מ-3 פריטים, מקופל להורה",""
"הלכות שלג ושבת","1","מקופל","הלכה","פחות מ-3 פריטים, מקופל להורה",""
"מלך ישראל","1","מקופל","הלכה › מצוות ומנהגים","פחות מ-3 פריטים, מקופל להורה",""
"הלכות אזעקה – בזמן מבצע צוק איתן","1","תגית","הלכה › מצוות ומנהגים","משפט ארוך",""
"מבצע צוק איתן","1","מקופל","הלכה › מצוות ומנהגים","פחות מ-3 פריטים, מקופל להורה",""
"פרשת שלושת החטופים","1","מקופל","הלכה › מצוות ומנהגים","פחות מ-3 פריטים, מקופל להורה",""
"דינא דמלכותא דינא","1","מקופל","הלכה","פחות מ-3 פריטים, מקופל להורה",""
"בית-דין","1","כפילות/שגיאת כתיב","→ בית דין","כפילות של ""בית דין""",""
"חוקי תנועה","1","מקופל","הלכה","פחות מ-3 פריטים, מקופל להורה",""
"בל תשחית במזון","1","מקופל","הלכה","פחות מ-3 פריטים, מקופל להורה",""
"אינטרנט\סלולרי","1","מקופל","הלכה","פחות מ-3 פריטים, מקופל להורה",""
"יופי","1","מקופל","הלכה","פחות מ-3 פריטים, מקופל להורה",""
"גידול בנים\חינוך ילדים","1","מקופל","הלכה","פחות מ-3 פריטים, מקופל להורה",""
"קדושת כוהנים","1","כפילות/שגיאת כתיב","→ קדושת כהנים","כפילות של ""קדושת כהנים""",""
"גינת נוי בשנת שמיטה","1","תגית","הלכה","ביטוי ספציפי עם פריט יחיד",""
"גניזה\קדושת דברי תורה","1","מקופל","הלכה","פחות מ-3 פריטים, מקופל להורה",""
"סת""ם","1","מקופל","הלכה","פחות מ-3 פריטים, מקופל להורה",""
"גרים","1","מקופל","הלכה","פחות מ-3 פריטים, מקופל להורה",""
"שאלות מבני ישיבות","1","מקופל","הלכה","פחות מ-3 פריטים, מקופל להורה",""
"רב ראשי","1","מקופל","הלכה","פחות מ-3 פריטים, מקופל להורה",""
"טהרת המשפחה\מקווה","1","כפילות/שגיאת כתיב","→ טהרת המשפחה\מקוה","כפילות של ""טהרת המשפחה\מקוה""",""
"עישון","1","מקופל","הלכה","פחות מ-3 פריטים, מקופל להורה",""
"הושענא רבה","1","מקופל","הלכה","פחות מ-3 פריטים, מקופל להורה",""
"ענייני פיוס ומחילה","1","מקופל","הלכה","פחות מ-3 פריטים, מקופל להורה",""
"תספורת וגילוח בספירת העומר","1","תגית","הלכה","ביטוי ספציפי עם פריט יחיד",""
"ימי הספירה","1","מקופל","הלכה","פחות מ-3 פריטים, מקופל להורה",""
"פסח – מצה","1","מקופל","הלכה","פחות מ-3 פריטים, מקופל להורה",""
"פסח – חמץ\קטניות","1","כפילות/שגיאת כתיב","→ פסח – חמץ וקטניות","כפילות של ""פסח – חמץ וקטניות""",""
"שבת – מוצש""ק והבדלה","1","תגית","הלכה","ביטוי ספציפי עם פריט יחיד",""
"אורח ומארח","1","מקופל","הלכה","פחות מ-3 פריטים, מקופל להורה",""
"מנחה\מעריב","1","כפילות/שגיאת כתיב","תפילה › הלכות תפילה","כפילות של ""מנחה ומעריב""",""
"ברכת כוהנים","1","כפילות/שגיאת כתיב","תפילה › הלכות תפילה","כפילות של ""ברכת כהנים""",""
"תפילה - דינים שונים","1","כפילות/שגיאת כתיב","→ תפילה – דינים שונים","כפילות של ""תפילה – דינים שונים""",""
"קדיש על ידי אישה","1","תגית","הלכה","ביטוי ספציפי עם פריט יחיד","אורח חיים"
"בר מצווה","1","מקופל","הלכה","פחות מ-3 פריטים, מקופל להורה",""
"נטילת ידיים\רחיצה","1","מקופל","→ נטילת ידיים\רחיצה","פחות מ-3 פריטים, מקופל להורה",""
"נטילת ידים\רחיצה","1","כפילות/שגיאת כתיב","→ נטילת ידיים\רחיצה","כפילות של ""נטילת ידיים\רחיצה""","אורח חיים"
"שינה","1","מקופל","הלכה","פחות מ-3 פריטים, מקופל להורה",""
"עניית שאלות טלפון","1","מקופל","הלכה › מצוות ומנהגים","פחות מ-3 פריטים, מקופל להורה","עניינים שונים"
"הלכות ברכת 'ברוך שפטרני' בבר מצווה","1","תגית","הלכה","משפט ארוך",""
"ארבעת המינים בשנת שמיטה","1","תגית","חגים ומועדים › סוכות ושמחת תורה","ביטוי ספציפי עם פריט יחיד","סוכות"
"גוי בסוכה","1","מקופל","חגים ומועדים › סוכות ושמחת תורה","פחות מ-3 פריטים, מקופל להורה","סוכות"
"פורים טיש תשע""ו","1","מקופל","חגים ומועדים","פחות מ-3 פריטים, מקופל להורה","מועדים"
"אמונות תפלות\דרכי אמורי","1","כפילות/שגיאת כתיב","→ אמונות טפלות\דרכי אמורי","כפילות של ""אמונות טפלות\דרכי אמורי""",""
"שו""ת קבר רחל","1","מקופל","הלכה","פחות מ-3 פריטים, מקופל להורה",""
"פריה ורביה\הריון","1","מקופל","הלכה","פחות מ-3 פריטים, מקופל להורה",""
"גידול ילדים","1","מקופל","הלכה","פחות מ-3 פריטים, מקופל להורה",""
"גיטין\גירושין","1","כפילות/שגיאת כתיב","הלכה › נישואין ואישות","כפילות של ""גיטין\גירושים""",""
"מפלגת הבית היהודי","1","מקופל","הלכה › מצוות ומנהגים","פחות מ-3 פריטים, מקופל להורה",""
"מפלגת יחד-העם-איתנו","1","מקופל","הלכה › מצוות ומנהגים","פחות מ-3 פריטים, מקופל להורה",""
"גיוס בנות לצה""ל","1","מקופל","מדינת ישראל וצה""ל › צה""ל וביטחון","פחות מ-3 פריטים, מקופל להורה","צה""ל"
"טרור","1","מקופל","הלכה › מצוות ומנהגים","פחות מ-3 פריטים, מקופל להורה",""
"פיגוע בבית כנסת בהר נוף","1","תגית","הלכה › מצוות ומנהגים","ביטוי ספציפי עם פריט יחיד",""
"שם ד' ופסוקים","1","מקופל","הלכה","פחות מ-3 פריטים, מקופל להורה","אורח חיים"
"ברכות - שונות","1","כפילות/שגיאת כתיב","→ ברכות – שונות","כפילות של ""ברכות – שונות""","אורח חיים"
"שבת - מלאכות","1","נושא סינון","הלכה › שבת","","אורח חיים"
"פסח – שונות","1","מקופל","חגים ומועדים","פחות מ-3 פריטים, מקופל להורה","מועדים"
"הר הבית\בית המקדש","1","כפילות/שגיאת כתיב","מדינת ישראל וצה""ל › הר הבית ובית המקדש","כפילות של ""הר הבית ובית המקדש""","אורח חיים"
"רפורמה","1","נושא סינון","אמונה › זרמים ביהדות","",""
"כת","1","מקופל","הלכה","פחות מ-3 פריטים, מקופל להורה",""
"כלאיים","1","מקופל","הלכה","פחות מ-3 פריטים, מקופל להורה","יורה דעה"
"מתנות כהונה","1","מקופל","הלכה › מצוות ומנהגים","פחות מ-3 פריטים, מקופל להורה","עניינים שונים"
"שמירת עיניים","1","מקופל","הלכה","פחות מ-3 פריטים, מקופל להורה","אבן העזר"
"אומנות","1","מקופל","הלכה","פחות מ-3 פריטים, מקופל להורה",""
"הלכות ספינר","1","מקופל","הלכה","פחות מ-3 פריטים, מקופל להורה","אבן העזר"
"בעלי חיים – שונות","1","תגית","הלכה","ביטוי ספציפי עם פריט יחיד",""
"ציונות","1","נושא סינון","מדינת ישראל וצה""ל › גאולת ישראל וציונות","",""
"ישוב עמונה","1","מקופל","הלכה › מצוות ומנהגים","פחות מ-3 פריטים, מקופל להורה","עניינים שונים"
"שו""ת טראמפ","1","מקופל","הלכה › מצוות ומנהגים","פחות מ-3 פריטים, מקופל להורה",""
"השכמה בבוקר","1","מקופל","הלכה › מצוות ומנהגים","פחות מ-3 פריטים, מקופל להורה","עניינים שונים"
"תשעת הימים","1","מקופל","הלכה","פחות מ-3 פריטים, מקופל להורה","אורח חיים"
"תהילים","1","מקופל","תפילה","פחות מ-3 פריטים, מקופל להורה","תפילה"
"מעגל השנה - הלכה","0","תגית","הלכה","ביטוי ספציפי עם פריט יחיד","הלכה"
"ציצית ותפילין","0","נושא סינון","הלכה › מצוות ומנהגים","","הלכה"
"אורות","0","סדרה/ספר","אורות","","אמונה | הרב קוק | תורה"
"אורח חיים - הלכות יום-יום","0","תגית","הלכה","ביטוי ספציפי עם פריט יחיד","הלכה"
"מעגל השנה","0","מקופל","הלכה","פחות מ-3 פריטים, מקופל להורה","הלכה"
"אורות הקודש ב'","0","סדרה/ספר","אורות הקודש ב'","","אורות הקודש"
"למהלך האידאות בישראל","0","סדרה/ספר","למהלך האידאות בישראל","","אורות"
"קריאה גדולה","0","סדרה/ספר","קריאה גדולה","","אורות"
"עין איה - ברכות ב'","0","סדרה/ספר","עין איה - ברכות ב'","","עין איה"
"אורות התחיה","0","סדרה/ספר","אורות התחיה","","אורות"
"אורות ישראל ותחיתו","0","סדרה/ספר","אורות ישראל ותחיתו","","אורות"
"חתונה-מיוחדים","0","מקופל","הלכה","פחות מ-3 פריטים, מקופל להורה","אבן העזר"
"שיעורים מישיבת עטרת ירושלים","0","אוסף/מכל","מקור: ישיבת עטרת ירושלים","",""
"Emouna","0","אוסף/מכל","Cours en Français (/french)","",""
"אורות הקודש","0","סדרה/ספר","אורות הקודש ב'","",""
"עין איה","0","סדרה/ספר","ספר: עין איה","",""
"שו""ת סמס - עולם קטן","0","אוסף/מכל","מקור: שו""ת סמס - עולם קטן","",""
"ישיבות","0","נושא סינון","תורה ולימוד › ישיבות ומכינות","",""
