"נושא-על באתר החדש","נושא באתר הישן","נושא-על באתר הישן","דפים באתר הישן לפי סוג","פריטים פעילים","מה קרה לו","יעד באתר החדש","פריטים ביעד","אוחד יחד עם","הצעה","החלטה","הערה"
"הלכה","הלכה","הלכה","ללא סוג 166 · וידאו 60","225","נשמר בשמו (צורפו אליו נושאים נוספים)","הלכה","1680","קדושה - הלכה (16); יציאה לחו""ל (15); שאלות ותשובות (7); יום טוב - הלכה (6); בעלי חיים - הלכה (3); חגים - הלכה (3)","להשאיר","",""
"הלכה","קדושה - הלכה","הלכה","שו""ת 9 · וידאו 7","16","קופל לנושא-העל (אין לו תת-נושא)","הלכה","1680","הלכה (225); יציאה לחו""ל (15); שאלות ותשובות (7); יום טוב - הלכה (6); בעלי חיים - הלכה (3); חגים - הלכה (3)","לשקול תת-נושא חדש","","תת-נושא אפשרי (לא ברשימה המאוצרת) - כרגע מקופל להורה"
"הלכה","יציאה לחו""ל","הלכה","מאמרים 13 · ללא סוג 1 · וידאו 1","15","קופל לנושא-העל (אין לו תת-נושא)","הלכה","1680","הלכה (225); קדושה - הלכה (16); שאלות ותשובות (7); יום טוב - הלכה (6); בעלי חיים - הלכה (3); חגים - הלכה (3)","לשקול תת-נושא חדש","","תת-נושא אפשרי (לא ברשימה המאוצרת) - כרגע מקופל להורה"
"הלכה","שאלות ותשובות","הלכה","וידאו 7","7","קופל לנושא-העל (אין לו תת-נושא)","הלכה","1680","הלכה (225); קדושה - הלכה (16); יציאה לחו""ל (15); יום טוב - הלכה (6); בעלי חיים - הלכה (3); חגים - הלכה (3)","להשאיר מקופל","","תת-נושא אפשרי (לא ברשימה המאוצרת) - כרגע מקופל להורה"
"הלכה","יום טוב - הלכה","הלכה","מאמרים 3 · שו""ת 3","6","קופל לנושא-העל (אין לו תת-נושא)","הלכה","1680","הלכה (225); קדושה - הלכה (16); יציאה לחו""ל (15); שאלות ותשובות (7); בעלי חיים - הלכה (3); חגים - הלכה (3)","להשאיר מקופל","","תת-נושא אפשרי (לא ברשימה המאוצרת) - כרגע מקופל להורה"
"הלכה","בעלי חיים - הלכה","הלכה","וידאו 3","3","קופל לנושא-העל (אין לו תת-נושא)","הלכה","1680","הלכה (225); קדושה - הלכה (16); יציאה לחו""ל (15); שאלות ותשובות (7); יום טוב - הלכה (6); חגים - הלכה (3)","להשאיר מקופל","","תת-נושא אפשרי (לא ברשימה המאוצרת) - כרגע מקופל להורה"
"הלכה","חגים - הלכה","הלכה","וידאו 3","3","קופל לנושא-העל (אין לו תת-נושא)","הלכה","1680","הלכה (225); קדושה - הלכה (16); יציאה לחו""ל (15); שאלות ותשובות (7); יום טוב - הלכה (6); בעלי חיים - הלכה (3)","להשאיר מקופל","","תת-נושא אפשרי (לא ברשימה המאוצרת) - כרגע מקופל להורה"
"הלכה","אבילות","הלכה","שו""ת 4 · וידאו 2","6","שם שונה","הלכה › אבלות","21","","להשאיר (שם נרדף בחיפוש)","",""
"הלכה","אבלות - הלכות","הלכה","מאמרים 15","14","שם שונה","הלכה › אבלות › הלכות אבלות","14","","להשאיר (שם נרדף בחיפוש)","","רמה שלישית: הלכות"
"הלכה","בין אדם לחבירו- הלכה","הלכה","מאמרים 23","23","שם שונה","הלכה › בין אדם לחברו","108","","להשאיר (שם נרדף בחיפוש)","",""
"הלכה","ברית מילה","הלכה | זוגיות ומשפחה","שו""ת 3 · ללא סוג 1","3","נשמר בשמו","הלכה › ברית מילה","5","","להשאיר","",""
"הלכה","גיור - הלכה","הלכה","מאמרים 33 · וידאו 8","41","שם שונה","הלכה › גיור","44","","להשאיר (שם נרדף בחיפוש)","",""
"הלכה","דיני ממונות","הלכה","מאמרים 33 · וידאו 30 · ללא סוג 8","70","נשמר בשמו (צורפו אליו נושאים נוספים)","הלכה › דיני ממונות","94","הלכות חברה (22)","להשאיר","",""
"הלכה","הלכות חברה","הלכה","וידאו 19 · ללא סוג 3","22","אוחד","הלכה › דיני ממונות","94","דיני ממונות (70)","לפצל לתת-נושא","",""
"הלכה","השכמת הבוקר - הלכה","הלכה","מאמרים 6 · ללא סוג 1","7","אוחד","הלכה › הלכות היום-יום","27","נטילת ידיים (5); סעודה (5); תספורת וגילוח (4); בית הכסא (3); שינה וסדר הלילה (3)","להשאיר מאוחד (שם נרדף בחיפוש)","",""
"הלכה","נטילת ידיים","הלכה","שו""ת 5","5","אוחד","הלכה › הלכות היום-יום","27","השכמת הבוקר - הלכה (7); סעודה (5); תספורת וגילוח (4); בית הכסא (3); שינה וסדר הלילה (3)","להשאיר מאוחד (שם נרדף בחיפוש)","",""
"הלכה","סעודה","הלכה","שו""ת 5","5","אוחד","הלכה › הלכות היום-יום","27","השכמת הבוקר - הלכה (7); נטילת ידיים (5); תספורת וגילוח (4); בית הכסא (3); שינה וסדר הלילה (3)","להשאיר מאוחד (שם נרדף בחיפוש)","",""
"הלכה","תספורת וגילוח","הלכה | יורה דעה","שו""ת 3 · ללא סוג 1","4","אוחד","הלכה › הלכות היום-יום","27","השכמת הבוקר - הלכה (7); נטילת ידיים (5); סעודה (5); בית הכסא (3); שינה וסדר הלילה (3)","להשאיר מאוחד (שם נרדף בחיפוש)","",""
"הלכה","בית הכסא","הלכה","שו""ת 3","3","אוחד","הלכה › הלכות היום-יום","27","השכמת הבוקר - הלכה (7); נטילת ידיים (5); סעודה (5); תספורת וגילוח (4); שינה וסדר הלילה (3)","להשאיר מאוחד (שם נרדף בחיפוש)","",""
"הלכה","שינה וסדר הלילה","הלכה","שו""ת 3","3","אוחד","הלכה › הלכות היום-יום","27","השכמת הבוקר - הלכה (7); נטילת ידיים (5); סעודה (5); תספורת וגילוח (4); בית הכסא (3)","להשאיר מאוחד (שם נרדף בחיפוש)","",""
"הלכה","הלכות ציבור","הלכה | מדינת ישראל","מאמרים 127 · וידאו 11 · ללא סוג 9","147","נשמר בשמו (צורפו אליו נושאים נוספים)","הלכה › הלכות ציבור","171","בית כנסת - הלכה (15); בית כנסת ובית מדרש (7)","להשאיר","",""
"הלכה","בית כנסת - הלכה","הלכה","מאמרים 11 · וידאו 4","15","אוחד","הלכה › הלכות ציבור","171","הלכות ציבור (147); בית כנסת ובית מדרש (7)","לשקול: לפצל או שם נרדף","",""
"הלכה","בית כנסת ובית מדרש","הלכה","שו""ת 7 · ללא סוג 1","7","אוחד","הלכה › הלכות ציבור","171","הלכות ציבור (147); בית כנסת - הלכה (15)","להשאיר מאוחד (שם נרדף בחיפוש)","",""
"הלכה","מקווה- הלכה","הלכה","מאמרים 4","4","אוחד","הלכה › טהרת המשפחה","7","טהרת המשפחה - הלכה (3)","להשאיר מאוחד (שם נרדף בחיפוש)","",""
"הלכה","טהרת המשפחה - הלכה","הלכה","מאמרים 3","3","שם שונה","הלכה › טהרת המשפחה","7","מקווה- הלכה (4)","להשאיר (שם נרדף בחיפוש)","",""
"הלכה","כשרות","הלכה","וידאו 21 · שו""ת 14 · ללא סוג 12","46","שם שונה","הלכה › כשרות ומזון","112","כשרות - הלכה (32); יורה דעה - איסור והיתר (24); בשר וחלב (4); כשרות ומזון (4)","להשאיר (שם נרדף בחיפוש)","",""
"הלכה","כשרות - הלכה","הלכה","מאמרים 32","32","שם שונה","הלכה › כשרות ומזון","112","כשרות (46); יורה דעה - איסור והיתר (24); בשר וחלב (4); כשרות ומזון (4)","להשאיר (שם נרדף בחיפוש)","",""
"הלכה","יורה דעה - איסור והיתר","הלכה","שו""ת 13 · מאמרים 11","24","אוחד","הלכה › כשרות ומזון","112","כשרות (46); כשרות - הלכה (32); בשר וחלב (4); כשרות ומזון (4)","לפצל לתת-נושא","",""
"הלכה","בשר וחלב","הלכה","שו""ת 4","4","אוחד","הלכה › כשרות ומזון","112","כשרות (46); כשרות - הלכה (32); יורה דעה - איסור והיתר (24); כשרות ומזון (4)","להשאיר מאוחד (שם נרדף בחיפוש)","",""
"הלכה","כשרות ומזון","הלכה","שו""ת 4","4","נשמר בשמו (צורפו אליו נושאים נוספים)","הלכה › כשרות ומזון","112","כשרות (46); כשרות - הלכה (32); יורה דעה - איסור והיתר (24); בשר וחלב (4)","להשאיר","",""
"הלכה","שונות - הלכה","הלכה","מאמרים 75 · שו""ת 9","84","אוחד","הלכה › מצוות ומנהגים","209","מצוות הפרט (38); הלכות שונות (27); עניינים שונים (18); כללים ועניינים שונים (15); ציצית ותפילין - הלכה (12); מנהגים (11); מקומות קדושים - הלכה (8); תפילין (7); ציצית (6)","להשאיר מאוחד","",""
"הלכה","מצוות הפרט","הלכה | מוסר ומידות","מאמרים 35 · שו""ת 3","38","אוחד","הלכה › מצוות ומנהגים","209","שונות - הלכה (84); הלכות שונות (27); עניינים שונים (18); כללים ועניינים שונים (15); ציצית ותפילין - הלכה (12); מנהגים (11); מקומות קדושים - הלכה (8); תפילין (7); ציצית (6)","לפצל לתת-נושא","",""
"הלכה","הלכות שונות","הלכה","וידאו 25 · ללא סוג 5","27","אוחד","הלכה › מצוות ומנהגים","209","שונות - הלכה (84); מצוות הפרט (38); עניינים שונים (18); כללים ועניינים שונים (15); ציצית ותפילין - הלכה (12); מנהגים (11); מקומות קדושים - הלכה (8); תפילין (7); ציצית (6)","להשאיר מאוחד","",""
"הלכה","עניינים שונים","עניינים שונים","שו""ת 18","18","אוחד · עבר לנושא-על אחר","הלכה › מצוות ומנהגים","209","שונות - הלכה (84); מצוות הפרט (38); הלכות שונות (27); כללים ועניינים שונים (15); ציצית ותפילין - הלכה (12); מנהגים (11); מקומות קדושים - הלכה (8); תפילין (7); ציצית (6)","להשאיר מאוחד","",""
"הלכה","כללים ועניינים שונים","עניינים שונים","שו""ת 15","15","אוחד · עבר לנושא-על אחר","הלכה › מצוות ומנהגים","209","שונות - הלכה (84); מצוות הפרט (38); הלכות שונות (27); עניינים שונים (18); ציצית ותפילין - הלכה (12); מנהגים (11); מקומות קדושים - הלכה (8); תפילין (7); ציצית (6)","להשאיר מאוחד","",""
"הלכה","ציצית ותפילין - הלכה","הלכה","וידאו 11 · ללא סוג 1","12","אוחד","הלכה › מצוות ומנהגים","209","שונות - הלכה (84); מצוות הפרט (38); הלכות שונות (27); עניינים שונים (18); כללים ועניינים שונים (15); מנהגים (11); מקומות קדושים - הלכה (8); תפילין (7); ציצית (6)","לשקול: לפצל או שם נרדף","",""
"הלכה","מנהגים","הלכה","וידאו 7 · ללא סוג 4","11","שם שונה","הלכה › מצוות ומנהגים","209","שונות - הלכה (84); מצוות הפרט (38); הלכות שונות (27); עניינים שונים (18); כללים ועניינים שונים (15); ציצית ותפילין - הלכה (12); מקומות קדושים - הלכה (8); תפילין (7); ציצית (6)","להשאיר (שם נרדף בחיפוש)","",""
"הלכה","מקומות קדושים - הלכה","הלכה","מאמרים 8","8","אוחד","הלכה › מצוות ומנהגים","209","שונות - הלכה (84); מצוות הפרט (38); הלכות שונות (27); עניינים שונים (18); כללים ועניינים שונים (15); ציצית ותפילין - הלכה (12); מנהגים (11); תפילין (7); ציצית (6)","לשקול: לפצל או שם נרדף","",""
"הלכה","תפילין","הלכה | אורח חיים","שו""ת 7 · ללא סוג 1","7","אוחד","הלכה › מצוות ומנהגים","209","שונות - הלכה (84); מצוות הפרט (38); הלכות שונות (27); עניינים שונים (18); כללים ועניינים שונים (15); ציצית ותפילין - הלכה (12); מנהגים (11); מקומות קדושים - הלכה (8); ציצית (6)","להשאיר מאוחד (שם נרדף בחיפוש)","",""
"הלכה","ציצית","אורח חיים | הלכה","שו""ת 7","6","אוחד","הלכה › מצוות ומנהגים","209","שונות - הלכה (84); מצוות הפרט (38); הלכות שונות (27); עניינים שונים (18); כללים ועניינים שונים (15); ציצית ותפילין - הלכה (12); מנהגים (11); מקומות קדושים - הלכה (8); תפילין (7)","להשאיר מאוחד (שם נרדף בחיפוש)","",""
"הלכה","תפילין - הלכה","הלכה | מוסר ומידות","מאמרים 5","5","שם שונה","הלכה › מצוות ומנהגים › הלכות תפילין","5","","להשאיר (שם נרדף בחיפוש)","","רמה שלישית: הלכות"
"הלכה","נישואין וגירושין - הלכה","הלכה","מאמרים 18","18","אוחד","הלכה › נישואין ואישות","32","שידוכים ונישואים - הלכה (8); אישות ומשפחה - הלכה (6)","לשקול: לפצל או שם נרדף","",""
"הלכה","שידוכים ונישואים - הלכה","הלכה","שו""ת 8","8","אוחד","הלכה › נישואין ואישות","32","נישואין וגירושין - הלכה (18); אישות ומשפחה - הלכה (6)","לשקול: לפצל או שם נרדף","",""
"הלכה","אישות ומשפחה - הלכה","הלכה | זוגיות ומשפחה","שו""ת 7","6","אוחד","הלכה › נישואין ואישות","32","נישואין וגירושין - הלכה (18); שידוכים ונישואים - הלכה (8)","להשאיר מאוחד (שם נרדף בחיפוש)","",""
"הלכה","פסיקת הלכה","תורה | הלכה","מאמרים 32 · וידאו 25 · שו""ת 5","62","נשמר בשמו","הלכה › פסיקת הלכה","62","","להשאיר","",""
"הלכה","צדקה - הלכה","הלכה","מאמרים 15","15","שם שונה","הלכה › צדקה","19","צדקה (4)","להשאיר (שם נרדף בחיפוש)","",""
"הלכה","צדקה","הלכה | מוסר ומידות","שו""ת 4","4","נשמר בשמו (צורפו אליו נושאים נוספים)","הלכה › צדקה","19","צדקה - הלכה (15)","להשאיר","",""
"הלכה","צניעות","הלכה | מוסר ומידות","מאמרים 107 · ללא סוג 29 · וידאו 24 · שו""ת 15","174","נשמר בשמו (צורפו אליו נושאים נוספים)","הלכה › צניעות","184","בגדים (6)","להשאיר","",""
"הלכה","בגדים","הלכה","שו""ת 6 · ללא סוג 1","6","אוחד","הלכה › צניעות","184","צניעות (174)","להשאיר מאוחד (שם נרדף בחיפוש)","",""
"הלכה","בריאות","מוסר ומידות","מאמרים 69","69","אוחד · עבר לנושא-על אחר","הלכה › רפואה ופיקוח נפש","146","טיפול רפואי (29); הצלת נפשות - הלכה (24); זהירות (21); פיקוח נפש (13); ונשמרתם לנפשותיכם (3)","לפצל לתת-נושא","",""
"הלכה","טיפול רפואי","הלכה","מאמרים 21 · שו""ת 8","29","אוחד","הלכה › רפואה ופיקוח נפש","146","בריאות (69); הצלת נפשות - הלכה (24); זהירות (21); פיקוח נפש (13); ונשמרתם לנפשותיכם (3)","לפצל לתת-נושא","",""
"הלכה","הצלת נפשות - הלכה","הלכה","מאמרים 24","24","אוחד","הלכה › רפואה ופיקוח נפש","146","בריאות (69); טיפול רפואי (29); זהירות (21); פיקוח נפש (13); ונשמרתם לנפשותיכם (3)","לפצל לתת-נושא","",""
"הלכה","זהירות","הלכה","מאמרים 21","21","אוחד","הלכה › רפואה ופיקוח נפש","146","בריאות (69); טיפול רפואי (29); הצלת נפשות - הלכה (24); פיקוח נפש (13); ונשמרתם לנפשותיכם (3)","לפצל לתת-נושא","",""
"הלכה","פיקוח נפש","הלכה","וידאו 11 · ללא סוג 2","13","שם שונה","הלכה › רפואה ופיקוח נפש","146","בריאות (69); טיפול רפואי (29); הצלת נפשות - הלכה (24); זהירות (21); ונשמרתם לנפשותיכם (3)","להשאיר (שם נרדף בחיפוש)","",""
"הלכה","ונשמרתם לנפשותיכם","הלכה","שו""ת 3","3","אוחד","הלכה › רפואה ופיקוח נפש","146","בריאות (69); טיפול רפואי (29); הצלת נפשות - הלכה (24); זהירות (21); פיקוח נפש (13)","להשאיר מאוחד (שם נרדף בחיפוש)","",""
"הלכה","שבת - הלכה","הלכה","מאמרים 38 · שו""ת 25","63","שם שונה","הלכה › שבת","126","שבת ויום טוב (47); שבת (11)","להשאיר (שם נרדף בחיפוש)","",""
"הלכה","שבת ויום טוב","הלכה | מועדים","וידאו 31 · ללא סוג 16","47","שם שונה","הלכה › שבת","126","שבת - הלכה (63); שבת (11)","להשאיר (שם נרדף בחיפוש)","",""
"הלכה","שבת","מועדים","מאמרים 9 · שו""ת 2","11","נשמר בשמו (צורפו אליו נושאים נוספים) · עבר לנושא-על אחר","הלכה › שבת","126","שבת - הלכה (63); שבת ויום טוב (47)","להשאיר","",""
"חגים ומועדים","מועדים","מועדים","וידאו 17","18","שם שונה","חגים ומועדים","646","סיון תשע""ב (7); אייר תשע""ב (4); תמוז תשע""ב (4)","להשאיר (שם נרדף בחיפוש)","",""
"חגים ומועדים","סיון תשע""ב","מועדים","ללא סוג 7","7","קופל לנושא-העל (אין לו תת-נושא)","חגים ומועדים","646","מועדים (18); אייר תשע""ב (4); תמוז תשע""ב (4)","להשאיר מקופל","","תת-נושא אפשרי (לא ברשימה המאוצרת) - כרגע מקופל להורה"
"חגים ומועדים","אייר תשע""ב","מועדים","ללא סוג 4","4","קופל לנושא-העל (אין לו תת-נושא)","חגים ומועדים","646","מועדים (18); סיון תשע""ב (7); תמוז תשע""ב (4)","להשאיר מקופל","","תת-נושא אפשרי (לא ברשימה המאוצרת) - כרגע מקופל להורה"
"חגים ומועדים","תמוז תשע""ב","מועדים","ללא סוג 4","4","קופל לנושא-העל (אין לו תת-נושא)","חגים ומועדים","646","מועדים (18); סיון תשע""ב (7); אייר תשע""ב (4)","להשאיר מקופל","","תת-נושא אפשרי (לא ברשימה המאוצרת) - כרגע מקופל להורה"
"חגים ומועדים","בין המצרים","מועדים | הלכה","ללא סוג 10 · וידאו 7 · מאמרים 3","20","שם שונה","חגים ומועדים › בין המצרים ותעניות","63","תשעה באב (15); עשרה בטבת (7); תעניות ובין המצרים (7); י""ז בתמוז (6); צומות ותעניות (5)","להשאיר (שם נרדף בחיפוש)","",""
"חגים ומועדים","תשעה באב","מועדים | הלכה","ללא סוג 7 · וידאו 5 · מאמרים 4","15","אוחד","חגים ומועדים › בין המצרים ותעניות","63","בין המצרים (20); עשרה בטבת (7); תעניות ובין המצרים (7); י""ז בתמוז (6); צומות ותעניות (5)","לשקול: לפצל או שם נרדף","",""
"חגים ומועדים","עשרה בטבת","מועדים | הלכה","וידאו 4 · ללא סוג 2 · שו""ת 1","7","אוחד","חגים ומועדים › בין המצרים ותעניות","63","בין המצרים (20); תשעה באב (15); תעניות ובין המצרים (7); י""ז בתמוז (6); צומות ותעניות (5)","להשאיר מאוחד (שם נרדף בחיפוש)","",""
"חגים ומועדים","תעניות ובין המצרים","הלכה","שו""ת 7","7","אוחד · עבר לנושא-על אחר","חגים ומועדים › בין המצרים ותעניות","63","בין המצרים (20); תשעה באב (15); עשרה בטבת (7); י""ז בתמוז (6); צומות ותעניות (5)","להשאיר מאוחד (שם נרדף בחיפוש)","",""
"חגים ומועדים","י""ז בתמוז","מועדים","ללא סוג 5 · וידאו 1","6","אוחד","חגים ומועדים › בין המצרים ותעניות","63","בין המצרים (20); תשעה באב (15); עשרה בטבת (7); תעניות ובין המצרים (7); צומות ותעניות (5)","להשאיר מאוחד (שם נרדף בחיפוש)","",""
"חגים ומועדים","צומות ותעניות","מועדים","מאמרים 5","5","אוחד","חגים ומועדים › בין המצרים ותעניות","63","בין המצרים (20); תשעה באב (15); עשרה בטבת (7); תעניות ובין המצרים (7); י""ז בתמוז (6)","להשאיר מאוחד (שם נרדף בחיפוש)","",""
"חגים ומועדים","בין המצרים - הלכה","הלכה","וידאו 3 · ללא סוג 1","4","שם שונה · עבר לנושא-על אחר","חגים ומועדים › בין המצרים ותעניות › הלכות בין המצרים","4","","להשאיר (שם נרדף בחיפוש)","","רמה שלישית: הלכות"
"חגים ומועדים","צומות ותעניות - הלכה","הלכה","מאמרים 8","8","שם שונה · עבר לנושא-על אחר","חגים ומועדים › בין המצרים ותעניות › הלכות צומות ותעניות","8","","להשאיר (שם נרדף בחיפוש)","","רמה שלישית: הלכות"
"חגים ומועדים","חנוכה","מועדים | הלכה","וידאו 18 · מאמרים 17 · ללא סוג 13","46","נשמר בשמו","חגים ומועדים › חנוכה","80","","להשאיר","",""
"חגים ומועדים","חנוכה - הלכה","הלכה","מאמרים 16 · שו""ת 6 · וידאו 3","25","שם שונה · עבר לנושא-על אחר","חגים ומועדים › חנוכה › הלכות חנוכה","25","","להשאיר (שם נרדף בחיפוש)","","רמה שלישית: הלכות"
"חגים ומועדים","ט""ו בשבט","מועדים | הלכה","ללא סוג 4 · וידאו 4 · מאמרים 2 · שו""ת 1","10","נשמר בשמו","חגים ומועדים › ט""ו בשבט","12","","להשאיר","",""
"חגים ומועדים","ט""ו בשבט - הלכה","הלכה","מאמרים 2 · שו""ת 1","3","שם שונה · עבר לנושא-על אחר","חגים ומועדים › ט""ו בשבט › הלכות ט""ו בשבט","3","","להשאיר (שם נרדף בחיפוש)","","רמה שלישית: הלכות"
"חגים ומועדים","יום העצמאות","מועדים | הלכה","ללא סוג 10 · מאמרים 6 · וידאו 5 · שו""ת 1","21","שם שונה","חגים ומועדים › יום העצמאות ויום ירושלים","36","יום ירושלים (12)","להשאיר (שם נרדף בחיפוש)","",""
"חגים ומועדים","יום ירושלים","מועדים | הלכה","ללא סוג 6 · מאמרים 5 · וידאו 2 · שו""ת 1","12","שם שונה","חגים ומועדים › יום העצמאות ויום ירושלים","36","יום העצמאות (21)","להשאיר (שם נרדף בחיפוש)","",""
"חגים ומועדים","יום העצמאות- הלכה","הלכה","מאמרים 3","3","שם שונה · עבר לנושא-על אחר","חגים ומועדים › יום העצמאות ויום ירושלים › הלכות יום העצמאות","5","","להשאיר (שם נרדף בחיפוש)","","רמה שלישית: הלכות"
"חגים ומועדים","ימי זיכרון","מועדים | הלכה","וידאו 3 · ללא סוג 1","4","שם שונה","חגים ומועדים › ימי זיכרון ושואה","12","ימי הזיכרון (4)","להשאיר (שם נרדף בחיפוש)","",""
"חגים ומועדים","ימי הזיכרון","מדינת ישראל | אמונה | מועדים","מאמרים 4","4","שם שונה","חגים ומועדים › ימי זיכרון ושואה","12","ימי זיכרון (4)","להשאיר (שם נרדף בחיפוש)","",""
"חגים ומועדים","יום כיפור","מועדים | הלכה","ללא סוג 15 · מאמרים 9 · וידאו 4","27","אוחד","חגים ומועדים › ימים נוראים","66","ראש השנה (22); סליחות (5); חודש אלול (3)","לפצל לתת-נושא","",""
"חגים ומועדים","ראש השנה","מועדים | הלכה","ללא סוג 15 · וידאו 3 · שו""ת 2 · מאמרים 2","22","אוחד","חגים ומועדים › ימים נוראים","66","יום כיפור (27); סליחות (5); חודש אלול (3)","לפצל לתת-נושא","",""
"חגים ומועדים","סליחות","מועדים | הלכה","ללא סוג 3 · וידאו 2","5","אוחד","חגים ומועדים › ימים נוראים","66","יום כיפור (27); ראש השנה (22); חודש אלול (3)","להשאיר מאוחד (שם נרדף בחיפוש)","",""
"חגים ומועדים","חודש אלול","הלכה","שו""ת 3","3","אוחד · עבר לנושא-על אחר","חגים ומועדים › ימים נוראים","66","יום כיפור (27); ראש השנה (22); סליחות (5)","להשאיר מאוחד (שם נרדף בחיפוש)","",""
"חגים ומועדים","יום כיפור - הלכה","הלכה","וידאו 3 · מאמרים 3","6","שם שונה · עבר לנושא-על אחר","חגים ומועדים › ימים נוראים › הלכות יום כיפור","6","","להשאיר (שם נרדף בחיפוש)","","רמה שלישית: הלכות"
"חגים ומועדים","ראש השנה - הלכה","הלכה","מאמרים 8 · שו""ת 2","10","שם שונה · עבר לנושא-על אחר","חגים ומועדים › ימים נוראים › הלכות ראש השנה","10","","להשאיר (שם נרדף בחיפוש)","","רמה שלישית: הלכות"
"חגים ומועדים","ל""ג בעומר","מועדים | הלכה","ללא סוג 10 · וידאו 9 · מאמרים 6","25","נשמר בשמו","חגים ומועדים › ל""ג בעומר","30","","להשאיר","",""
"חגים ומועדים","ל""ג בעומר - הלכה","הלכה","מאמרים 5 · שו""ת 1","5","שם שונה · עבר לנושא-על אחר","חגים ומועדים › ל""ג בעומר › הלכות ל""ג בעומר","5","","להשאיר (שם נרדף בחיפוש)","","רמה שלישית: הלכות"
"חגים ומועדים","סוכות","מועדים","מאמרים 12 · ללא סוג 6 · שו""ת 2","18","שם שונה","חגים ומועדים › סוכות ושמחת תורה","49","חול המועד (5); שמיני עצרת - שמחת תורה (3)","להשאיר (שם נרדף בחיפוש)","",""
"חגים ומועדים","חול המועד","מועדים | הלכה","ללא סוג 2 · וידאו 2 · מאמרים 1 · שו""ת 1","5","אוחד","חגים ומועדים › סוכות ושמחת תורה","49","סוכות (18); שמיני עצרת - שמחת תורה (3)","להשאיר מאוחד (שם נרדף בחיפוש)","",""
"חגים ומועדים","שמיני עצרת - שמחת תורה","מועדים","מאמרים 3","3","אוחד","חגים ומועדים › סוכות ושמחת תורה","49","סוכות (18); חול המועד (5)","להשאיר מאוחד (שם נרדף בחיפוש)","",""
"חגים ומועדים","סוכות - הלכה","הלכה","מאמרים 15 · שו""ת 4 · וידאו 2 · ללא סוג 1","22","שם שונה · עבר לנושא-על אחר","חגים ומועדים › סוכות ושמחת תורה › הלכות סוכות","22","","להשאיר (שם נרדף בחיפוש)","","רמה שלישית: הלכות"
"חגים ומועדים","פורים","מועדים | הלכה","מאמרים 14 · ללא סוג 13 · וידאו 13 · שו""ת 2","41","נשמר בשמו (צורפו אליו נושאים נוספים)","חגים ומועדים › פורים","67","חודש אדר (3)","להשאיר","",""
"חגים ומועדים","חודש אדר","הלכה","שו""ת 3 · ללא סוג 1","3","אוחד · עבר לנושא-על אחר","חגים ומועדים › פורים","67","פורים (41)","להשאיר מאוחד (שם נרדף בחיפוש)","",""
"חגים ומועדים","פורים - הלכה","הלכה","מאמרים 20 · שו""ת 5","25","שם שונה · עבר לנושא-על אחר","חגים ומועדים › פורים › הלכות פורים","25","","להשאיר (שם נרדף בחיפוש)","","רמה שלישית: הלכות"
"חגים ומועדים","פסח","מועדים | הלכה","ללא סוג 42 · וידאו 21 · מאמרים 19 · שו""ת 1","81","שם שונה","חגים ומועדים › פסח וספירת העומר","160","ספירת העומר (16); שובבי""ם (3)","להשאיר (שם נרדף בחיפוש)","",""
"חגים ומועדים","ספירת העומר","מועדים | הלכה","ללא סוג 12 · וידאו 3 · שו""ת 1 · מאמרים 1","16","שם שונה","חגים ומועדים › פסח וספירת העומר","160","פסח (81); שובבי""ם (3)","להשאיר (שם נרדף בחיפוש)","",""
"חגים ומועדים","שובבי""ם","מועדים | הלכה | אמונה","וידאו 2 · ללא סוג 1","3","אוחד","חגים ומועדים › פסח וספירת העומר","160","פסח (81); ספירת העומר (16)","להשאיר מאוחד (שם נרדף בחיפוש)","",""
"חגים ומועדים","ספירת העומר - הלכה","הלכה","שו""ת 6 · מאמרים 6 · וידאו 1","13","שם שונה · עבר לנושא-על אחר","חגים ומועדים › פסח וספירת העומר › הלכות ספירת העומר","13","","להשאיר (שם נרדף בחיפוש)","","רמה שלישית: הלכות"
"חגים ומועדים","פסח - הלכה","הלכה","מאמרים 34 · שו""ת 9","43","שם שונה · עבר לנושא-על אחר","חגים ומועדים › פסח וספירת העומר › הלכות פסח","43","","להשאיר (שם נרדף בחיפוש)","","רמה שלישית: הלכות"
"חגים ומועדים","שבועות","מועדים | הלכה","וידאו 7 · ללא סוג 7 · מאמרים 2 · שו""ת 2","17","נשמר בשמו","חגים ומועדים › שבועות","20","","להשאיר","",""
"חגים ומועדים","שבועות - הלכה","הלכה","מאמרים 3 · שו""ת 2","5","שם שונה · עבר לנושא-על אחר","חגים ומועדים › שבועות › הלכות שבועות","5","","להשאיר (שם נרדף בחיפוש)","","רמה שלישית: הלכות"
"חגים ומועדים","שמיטה","מועדים | הלכה","מאמרים 11 · שו""ת 3 · ללא סוג 1","14","נשמר בשמו","חגים ומועדים › שמיטה","38","","להשאיר","",""
"חגים ומועדים","שמיטה - הלכה","הלכה","מאמרים 27","27","שם שונה · עבר לנושא-על אחר","חגים ומועדים › שמיטה › הלכות שמיטה","27","","להשאיר (שם נרדף בחיפוש)","","רמה שלישית: הלכות"
"אמונה","אמונה","אמונה","ללא סוג 103 · וידאו 87 · שו""ת 1","184","נשמר בשמו","אמונה","941","","להשאיר","",""
"אמונה","גאולה ומשיח","אמונה","וידאו 37 · ללא סוג 8","44","נשמר בשמו","אמונה › גאולה ומשיח","49","","להשאיר","",""
"אמונה","נצרות","מדינת ישראל","מאמרים 50","50","אוחד · עבר לנושא-על אחר","אמונה › דתות ועמים","83","היחס לנצרות (21); דתות הגויים (16); גויים ביהדות (10); עבודה זרה (5)","לפצל לתת-נושא","",""
"אמונה","היחס לנצרות","אמונה","מאמרים 21","21","אוחד","אמונה › דתות ועמים","83","נצרות (50); דתות הגויים (16); גויים ביהדות (10); עבודה זרה (5)","לפצל לתת-נושא","",""
"אמונה","דתות הגויים","אמונה","וידאו 9 · ללא סוג 4 · מאמרים 2 · שו""ת 1","16","אוחד","אמונה › דתות ועמים","83","נצרות (50); היחס לנצרות (21); גויים ביהדות (10); עבודה זרה (5)","לשקול: לפצל או שם נרדף","",""
"אמונה","גויים ביהדות","אמונה","וידאו 6 · ללא סוג 4","10","אוחד","אמונה › דתות ועמים","83","נצרות (50); היחס לנצרות (21); דתות הגויים (16); עבודה זרה (5)","לשקול: לפצל או שם נרדף","",""
"אמונה","עבודה זרה","הלכה | אמונה","שו""ת 3 · ללא סוג 2 · וידאו 1","5","אוחד","אמונה › דתות ועמים","83","נצרות (50); היחס לנצרות (21); דתות הגויים (16); גויים ביהדות (10)","להשאיר מאוחד (שם נרדף בחיפוש)","",""
"אמונה","רפורמים וקונסרבטיבים","אמונה","מאמרים 29 · וידאו 7","36","שם שונה","אמונה › זרמים ביהדות","36","","להשאיר (שם נרדף בחיפוש)","",""
"אמונה","סגולות ואמונות שונות","אמונה","מאמרים 58 · וידאו 11 · שו""ת 8 · ללא סוג 6","83","שם שונה","אמונה › סגולות ואמונות טפלות","83","","להשאיר (שם נרדף בחיפוש)","",""
"אמונה","דבקות בד'","חינוך | מוסר ומידות","מאמרים 41","41","אוחד · עבר לנושא-על אחר","אמונה › עבודת ה'","83","עבודת ד' (30); השפעת המצוות (5)","לפצל לתת-נושא","",""
"אמונה","עבודת ד'","אמונה | מוסר ומידות","וידאו 25 · ללא סוג 4 · מאמרים 1","30","שם שונה","אמונה › עבודת ה'","83","דבקות בד' (41); השפעת המצוות (5)","להשאיר (שם נרדף בחיפוש)","",""
"אמונה","השפעת המצוות","הלכה | אמונה","מאמרים 2 · וידאו 2 · ללא סוג 1","5","אוחד","אמונה › עבודת ה'","83","דבקות בד' (41); עבודת ד' (30)","להשאיר מאוחד (שם נרדף בחיפוש)","",""
"אמונה","צרות וקשיים","אמונה | מיוחדים","מאמרים 64 · וידאו 10 · ללא סוג 2","76","נשמר בשמו","אמונה › צרות וקשיים","76","","להשאיר","",""
"אמונה","שאלות כלליות באמונה","אמונה","מאמרים 106 · וידאו 11 · ללא סוג 2","119","שם שונה","אמונה › שאלות באמונה","149","לימוד אמונה (14); קושיות והוכחות (12)","להשאיר (שם נרדף בחיפוש)","",""
"אמונה","לימוד אמונה","אמונה","מאמרים 6 · וידאו 5 · ללא סוג 3","14","אוחד","אמונה › שאלות באמונה","149","שאלות כלליות באמונה (119); קושיות והוכחות (12)","לשקול: לפצל או שם נרדף","",""
"אמונה","קושיות והוכחות","אמונה | תורה","וידאו 7 · מאמרים 5 · ללא סוג 1","12","אוחד","אמונה › שאלות באמונה","149","שאלות כלליות באמונה (119); לימוד אמונה (14)","לשקול: לפצל או שם נרדף","",""
"אמונה","תורה ומדע","אמונה | תורה","וידאו 38 · מאמרים 26 · ללא סוג 3 · שו""ת 1","65","נשמר בשמו","אמונה › תורה ומדע","69","","להשאיר","",""
"אמונה","תשובה","אמונה | מוסר ומידות","מאמרים 33 · ללא סוג 12 · וידאו 12 · שו""ת 2","59","נשמר בשמו","אמונה › תשובה","59","","להשאיר","",""
"תורה ולימוד","תורה","תורה","וידאו 159 · ללא סוג 112 · מאמרים 1","259","שם שונה","תורה ולימוד","1393","","להשאיר (שם נרדף בחיפוש)","",""
"תורה ולימוד","סוגיות בגמרא","תורה","ללא סוג 18 · וידאו 4","22","שם שונה","תורה ולימוד › גמרא וסוגיות","25","","להשאיר (שם נרדף בחיפוש)","",""
"תורה ולימוד","ישיבה","תורה | יורה דעה","מאמרים 25 · שו""ת 7 · ללא סוג 1","31","שם שונה","תורה ולימוד › ישיבות ומכינות","35","","להשאיר (שם נרדף בחיפוש)","",""
"תורה ולימוד","לימוד תורה","חינוך | תורה","וידאו 92 · מאמרים 91 · שו""ת 23 · ללא סוג 7","210","נשמר בשמו (צורפו אליו נושאים נוספים)","תורה ולימוד › לימוד תורה","314","שונות (61); תורה אלוקית (29); השפעת התורה (7); שאלות כלליות - תורה (6)","להשאיר","",""
"תורה ולימוד","שונות","מיוחדים","וידאו 57 · ללא סוג 5","61","קופל לנושא-העל (אין לו תת-נושא) · עבר לנושא-על אחר","תורה ולימוד › לימוד תורה","314","לימוד תורה (210); תורה אלוקית (29); השפעת התורה (7); שאלות כלליות - תורה (6)","להשאיר מקופל","","תת-נושא אפשרי (לא ברשימה המאוצרת) - כרגע מקופל להורה"
"תורה ולימוד","תורה אלוקית","תורה | אמונה","מאמרים 23 · וידאו 4 · ללא סוג 2","29","אוחד","תורה ולימוד › לימוד תורה","314","לימוד תורה (210); שונות (61); השפעת התורה (7); שאלות כלליות - תורה (6)","לפצל לתת-נושא","",""
"תורה ולימוד","השפעת התורה","תורה","מאמרים 7","7","אוחד","תורה ולימוד › לימוד תורה","314","לימוד תורה (210); שונות (61); תורה אלוקית (29); שאלות כלליות - תורה (6)","להשאיר מאוחד (שם נרדף בחיפוש)","",""
"תורה ולימוד","שאלות כלליות - תורה","תורה","וידאו 6 · ללא סוג 1","6","אוחד","תורה ולימוד › לימוד תורה","314","לימוד תורה (210); שונות (61); תורה אלוקית (29); השפעת התורה (7)","להשאיר מאוחד (שם נרדף בחיפוש)","",""
"תורה ולימוד","לימוד תורה- הלכות","הלכה","מאמרים 9","9","שם שונה · עבר לנושא-על אחר","תורה ולימוד › לימוד תורה › הלכות לימוד תורה","9","","להשאיר (שם נרדף בחיפוש)","","רמה שלישית: הלכות"
"תורה ולימוד","מדרשים ואגדות","תורה","וידאו 2 · ללא סוג 1","3","נשמר בשמו","תורה ולימוד › מדרשים ואגדות","3","","להשאיר","",""
"תורה ולימוד","ספרים","מיוחדים | תורה","מאמרים 9 · וידאו 6","15","נשמר בשמו (צורפו אליו נושאים נוספים)","תורה ולימוד › ספרים","22","ספרים שונים (5)","להשאיר","",""
"תורה ולימוד","ספרים שונים","תורה","שו""ת 5","5","שם שונה","תורה ולימוד › ספרים","22","ספרים (15)","להשאיר (שם נרדף בחיפוש)","",""
"תורה ולימוד","פרשת השבוע","תורה","וידאו 150 · ללא סוג 95","243","נשמר בשמו (צורפו אליו נושאים נוספים)","תורה ולימוד › פרשת השבוע","679","פרשת שבוע (146); זוגיות בפרשה (1); פרשת השבוע: פרשת שבוע (1)","להשאיר","",""
"תורה ולימוד","פרשת שבוע","תורה","וידאו 132 · מאמרים 27","146","שם שונה","תורה ולימוד › פרשת השבוע","679","פרשת השבוע (243); זוגיות בפרשה (1); פרשת השבוע: פרשת שבוע (1)","להשאיר (שם נרדף בחיפוש)","",""
"תורה ולימוד","זוגיות בפרשה","תורה","מאמרים 1","1","אוחד","תורה ולימוד › פרשת השבוע","679","פרשת השבוע (243); פרשת שבוע (146); פרשת השבוע: פרשת שבוע (1)","להשאיר מאוחד (שם נרדף בחיפוש)","",""
"תורה ולימוד","פרשת השבוע: פרשת שבוע","תורה","וידאו 1","1","שם שונה","תורה ולימוד › פרשת השבוע","679","פרשת השבוע (243); פרשת שבוע (146); זוגיות בפרשה (1)","להשאיר (שם נרדף בחיפוש)","",""
"תורה ולימוד","חומש במדבר","תורה","מאמרים 5","5","שם שונה","תורה ולימוד › פרשת השבוע › במדבר","50","","להשאיר (שם נרדף בחיפוש)","",""
"תורה ולימוד","פרשת בהעלותך","תורה","מאמרים 4","4","שם שונה","תורה ולימוד › פרשת השבוע › במדבר › בהעלותך","4","","להשאיר (שם נרדף בחיפוש)","",""
"תורה ולימוד","פרשת בלק","תורה","מאמרים 4","4","שם שונה","תורה ולימוד › פרשת השבוע › במדבר › בלק","5","","להשאיר (שם נרדף בחיפוש)","",""
"תורה ולימוד","פרשת במדבר","תורה","מאמרים 4","4","שם שונה","תורה ולימוד › פרשת השבוע › במדבר › במדבר","4","","להשאיר (שם נרדף בחיפוש)","",""
"תורה ולימוד","פרשת חוקת","תורה","מאמרים 4","4","שם שונה","תורה ולימוד › פרשת השבוע › במדבר › חוקת","4","","להשאיר (שם נרדף בחיפוש)","",""
"תורה ולימוד","פרשת מטות","תורה","מאמרים 4","4","שם שונה","תורה ולימוד › פרשת השבוע › במדבר › מטות","6","","להשאיר (שם נרדף בחיפוש)","",""
"תורה ולימוד","פרשת מסעי","תורה","מאמרים 2","2","שם שונה","תורה ולימוד › פרשת השבוע › במדבר › מסעי","2","","להשאיר (שם נרדף בחיפוש)","",""
"תורה ולימוד","פרשת נשא","תורה","מאמרים 5","5","שם שונה","תורה ולימוד › פרשת השבוע › במדבר › נשא","5","","להשאיר (שם נרדף בחיפוש)","",""
"תורה ולימוד","פרשת פנחס","תורה","מאמרים 5","5","שם שונה","תורה ולימוד › פרשת השבוע › במדבר › פנחס","6","","להשאיר (שם נרדף בחיפוש)","",""
"תורה ולימוד","פרשת קרח","תורה","מאמרים 2","2","שם שונה","תורה ולימוד › פרשת השבוע › במדבר › קרח","3","","להשאיר (שם נרדף בחיפוש)","",""
"תורה ולימוד","פרשת שלח","תורה","מאמרים 6","6","שם שונה","תורה ולימוד › פרשת השבוע › במדבר › שלח","6","","להשאיר (שם נרדף בחיפוש)","",""
"תורה ולימוד","חומש בראשית","תורה | עניינים שונים","מאמרים 9 · ללא סוג 2 · וידאו 2 · שו""ת 1","14","שם שונה","תורה ולימוד › פרשת השבוע › בראשית","77","","להשאיר (שם נרדף בחיפוש)","",""
"תורה ולימוד","פרשת בראשית","תורה | עניינים שונים","מאמרים 3","3","שם שונה","תורה ולימוד › פרשת השבוע › בראשית › בראשית","3","","להשאיר (שם נרדף בחיפוש)","",""
"תורה ולימוד","פרשת ויגש","תורה | עניינים שונים","מאמרים 5","5","שם שונה","תורה ולימוד › פרשת השבוע › בראשית › ויגש","5","","להשאיר (שם נרדף בחיפוש)","",""
"תורה ולימוד","פרשת ויחי","תורה | עניינים שונים","מאמרים 4","4","שם שונה","תורה ולימוד › פרשת השבוע › בראשית › ויחי","4","","להשאיר (שם נרדף בחיפוש)","",""
"תורה ולימוד","פרשת ויצא","תורה | עניינים שונים","מאמרים 5","5","שם שונה","תורה ולימוד › פרשת השבוע › בראשית › ויצא","5","","להשאיר (שם נרדף בחיפוש)","",""
"תורה ולימוד","פרשת וירא","תורה | עניינים שונים","מאמרים 5","5","שם שונה","תורה ולימוד › פרשת השבוע › בראשית › וירא","5","","להשאיר (שם נרדף בחיפוש)","",""
"תורה ולימוד","פרשת וישב","תורה | עניינים שונים","מאמרים 5","5","שם שונה","תורה ולימוד › פרשת השבוע › בראשית › וישב","5","","להשאיר (שם נרדף בחיפוש)","",""
"תורה ולימוד","פרשת וישלח","תורה | עניינים שונים","מאמרים 5","5","שם שונה","תורה ולימוד › פרשת השבוע › בראשית › וישלח","6","","להשאיר (שם נרדף בחיפוש)","",""
"תורה ולימוד","פרשת חיי שרה","תורה | עניינים שונים","מאמרים 4","4","שם שונה","תורה ולימוד › פרשת השבוע › בראשית › חיי שרה","4","","להשאיר (שם נרדף בחיפוש)","",""
"תורה ולימוד","פרשת לך-לך","תורה | עניינים שונים","מאמרים 6","6","שם שונה","תורה ולימוד › פרשת השבוע › בראשית › לך לך","6","","להשאיר (שם נרדף בחיפוש)","",""
"תורה ולימוד","פרשת מקץ","תורה | עניינים שונים","מאמרים 3","3","שם שונה","תורה ולימוד › פרשת השבוע › בראשית › מקץ","3","","להשאיר (שם נרדף בחיפוש)","",""
"תורה ולימוד","פרשת נח","תורה | עניינים שונים","מאמרים 5","5","שם שונה","תורה ולימוד › פרשת השבוע › בראשית › נח","5","","להשאיר (שם נרדף בחיפוש)","",""
"תורה ולימוד","פרשת תולדות","תורה | עניינים שונים","מאמרים 5","5","שם שונה","תורה ולימוד › פרשת השבוע › בראשית › תולדות","5","","להשאיר (שם נרדף בחיפוש)","",""
"תורה ולימוד","חומש דברים","תורה","מאמרים 9 · וידאו 1","10","שם שונה","תורה ולימוד › פרשת השבוע › דברים","60","","להשאיר (שם נרדף בחיפוש)","",""
"תורה ולימוד","פרשת דברים","תורה","מאמרים 4","4","שם שונה","תורה ולימוד › פרשת השבוע › דברים › דברים","5","","להשאיר (שם נרדף בחיפוש)","",""
"תורה ולימוד","פרשת האזינו","תורה","מאמרים 5","5","שם שונה","תורה ולימוד › פרשת השבוע › דברים › האזינו","5","","להשאיר (שם נרדף בחיפוש)","",""
"תורה ולימוד","פרשת ואתחנן","תורה","מאמרים 5","5","שם שונה","תורה ולימוד › פרשת השבוע › דברים › ואתחנן","5","","להשאיר (שם נרדף בחיפוש)","",""
"תורה ולימוד","פרשת וזאת הברכה","תורה","מאמרים 1","1","שם שונה","תורה ולימוד › פרשת השבוע › דברים › וזאת הברכה","1","","להשאיר (שם נרדף בחיפוש)","",""
"תורה ולימוד","פרשת וילך","תורה","מאמרים 3","3","שם שונה","תורה ולימוד › פרשת השבוע › דברים › וילך","4","","להשאיר (שם נרדף בחיפוש)","",""
"תורה ולימוד","פרשת כי תבוא","תורה","מאמרים 5","5","שם שונה","תורה ולימוד › פרשת השבוע › דברים › כי תבוא","6","","להשאיר (שם נרדף בחיפוש)","",""
"תורה ולימוד","פרשת כי תצא","תורה","מאמרים 5","5","שם שונה","תורה ולימוד › פרשת השבוע › דברים › כי תצא","5","","להשאיר (שם נרדף בחיפוש)","",""
"תורה ולימוד","פרשת ניצבים","תורה","מאמרים 4","4","שם שונה","תורה ולימוד › פרשת השבוע › דברים › נצבים","4","","להשאיר (שם נרדף בחיפוש)","",""
"תורה ולימוד","פרשת עקב","תורה","מאמרים 5","5","שם שונה","תורה ולימוד › פרשת השבוע › דברים › עקב","5","","להשאיר (שם נרדף בחיפוש)","",""
"תורה ולימוד","פרשת ראה","תורה","מאמרים 5","5","שם שונה","תורה ולימוד › פרשת השבוע › דברים › ראה","5","","להשאיר (שם נרדף בחיפוש)","",""
"תורה ולימוד","פרשת שופטים","תורה","מאמרים 5","5","שם שונה","תורה ולימוד › פרשת השבוע › דברים › שופטים","6","","להשאיר (שם נרדף בחיפוש)","",""
"תורה ולימוד","חומש ויקרא","תורה","מאמרים 2 · וידאו 1","3","שם שונה","תורה ולימוד › פרשת השבוע › ויקרא","39","","להשאיר (שם נרדף בחיפוש)","",""
"תורה ולימוד","פרשת אחרי מות","תורה","מאמרים 3","3","שם שונה","תורה ולימוד › פרשת השבוע › ויקרא › אחרי מות","3","","להשאיר (שם נרדף בחיפוש)","",""
"תורה ולימוד","פרשת אמור","תורה","מאמרים 3","3","שם שונה","תורה ולימוד › פרשת השבוע › ויקרא › אמור","4","","להשאיר (שם נרדף בחיפוש)","",""
"תורה ולימוד","פרשת בהר","תורה","מאמרים 3","3","שם שונה","תורה ולימוד › פרשת השבוע › ויקרא › בהר","3","","להשאיר (שם נרדף בחיפוש)","",""
"תורה ולימוד","פרשת בחוקותי","תורה","מאמרים 4","4","שם שונה","תורה ולימוד › פרשת השבוע › ויקרא › בחוקותי","5","","להשאיר (שם נרדף בחיפוש)","",""
"תורה ולימוד","פרשת ויקרא","תורה","מאמרים 6","6","שם שונה","תורה ולימוד › פרשת השבוע › ויקרא › ויקרא","6","","להשאיר (שם נרדף בחיפוש)","",""
"תורה ולימוד","פרשת מצורע","תורה","מאמרים 3","3","שם שונה","תורה ולימוד › פרשת השבוע › ויקרא › מצורע","3","","להשאיר (שם נרדף בחיפוש)","",""
"תורה ולימוד","פרשת צו","תורה","מאמרים 5","5","שם שונה","תורה ולימוד › פרשת השבוע › ויקרא › צו","5","","להשאיר (שם נרדף בחיפוש)","",""
"תורה ולימוד","פרשת שמיני","תורה","מאמרים 4","4","שם שונה","תורה ולימוד › פרשת השבוע › ויקרא › שמיני","4","","להשאיר (שם נרדף בחיפוש)","",""
"תורה ולימוד","פרשת תזריע","תורה","מאמרים 4","4","שם שונה","תורה ולימוד › פרשת השבוע › ויקרא › תזריע","5","","להשאיר (שם נרדף בחיפוש)","",""
"תורה ולימוד","חומש שמות","תורה","מאמרים 13 · וידאו 1","13","שם שונה","תורה ולימוד › פרשת השבוע › שמות","64","","להשאיר (שם נרדף בחיפוש)","",""
"תורה ולימוד","פרשת בא","תורה","מאמרים 4","4","שם שונה","תורה ולימוד › פרשת השבוע › שמות › בא","5","","להשאיר (שם נרדף בחיפוש)","",""
"תורה ולימוד","פרשת בשלח","תורה","מאמרים 4","4","שם שונה","תורה ולימוד › פרשת השבוע › שמות › בשלח","5","","להשאיר (שם נרדף בחיפוש)","",""
"תורה ולימוד","פרשת וארא","תורה","מאמרים 4","4","שם שונה","תורה ולימוד › פרשת השבוע › שמות › וארא","4","","להשאיר (שם נרדף בחיפוש)","",""
"תורה ולימוד","פרשת ויקהל","תורה","מאמרים 4","4","שם שונה","תורה ולימוד › פרשת השבוע › שמות › ויקהל","5","","להשאיר (שם נרדף בחיפוש)","",""
"תורה ולימוד","פרשת יתרו","תורה","מאמרים 3","3","שם שונה","תורה ולימוד › פרשת השבוע › שמות › יתרו","3","","להשאיר (שם נרדף בחיפוש)","",""
"תורה ולימוד","פרשת כי-תשא","תורה","מאמרים 4","4","שם שונה","תורה ולימוד › פרשת השבוע › שמות › כי תשא","6","","להשאיר (שם נרדף בחיפוש)","",""
"תורה ולימוד","פרשת משפטים","תורה","מאמרים 4","4","שם שונה","תורה ולימוד › פרשת השבוע › שמות › משפטים","4","","להשאיר (שם נרדף בחיפוש)","",""
"תורה ולימוד","פרשת פקודי","תורה","מאמרים 3","3","שם שונה","תורה ולימוד › פרשת השבוע › שמות › פקודי","3","","להשאיר (שם נרדף בחיפוש)","",""
"תורה ולימוד","פרשת שמות","תורה","מאמרים 3","3","שם שונה","תורה ולימוד › פרשת השבוע › שמות › שמות","3","","להשאיר (שם נרדף בחיפוש)","",""
"תורה ולימוד","פרשת תצוה","תורה","מאמרים 4","4","שם שונה","תורה ולימוד › פרשת השבוע › שמות › תצוה","4","","להשאיר (שם נרדף בחיפוש)","",""
"תורה ולימוד","פרשת תרומה","תורה","מאמרים 8","8","שם שונה","תורה ולימוד › פרשת השבוע › שמות › תרומה","10","","להשאיר (שם נרדף בחיפוש)","",""
"תורה ולימוד","העולם הנסתר","אמונה","וידאו 13","13","אוחד · עבר לנושא-על אחר","תורה ולימוד › קבלה וחסידות","30","קבלה (5); תורת רבי נחמן (4); תורת רבי נחמן מברסלב (3); לימוד קבלה (3)","לשקול: לפצל או שם נרדף","",""
"תורה ולימוד","קבלה","אמונה","וידאו 5","5","שם שונה · עבר לנושא-על אחר","תורה ולימוד › קבלה וחסידות","30","העולם הנסתר (13); תורת רבי נחמן (4); תורת רבי נחמן מברסלב (3); לימוד קבלה (3)","להשאיר (שם נרדף בחיפוש)","",""
"תורה ולימוד","תורת רבי נחמן","אמונה","מאמרים 4","4","אוחד · עבר לנושא-על אחר","תורה ולימוד › קבלה וחסידות","30","העולם הנסתר (13); קבלה (5); תורת רבי נחמן מברסלב (3); לימוד קבלה (3)","להשאיר מאוחד (שם נרדף בחיפוש)","",""
"תורה ולימוד","תורת רבי נחמן מברסלב","תורה","שו""ת 3","3","אוחד","תורה ולימוד › קבלה וחסידות","30","העולם הנסתר (13); קבלה (5); תורת רבי נחמן (4); לימוד קבלה (3)","להשאיר מאוחד (שם נרדף בחיפוש)","",""
"תורה ולימוד","לימוד קבלה","תורה","מאמרים 3","3","אוחד","תורה ולימוד › קבלה וחסידות","30","העולם הנסתר (13); קבלה (5); תורת רבי נחמן (4); תורת רבי נחמן מברסלב (3)","להשאיר מאוחד (שם נרדף בחיפוש)","",""
"תורה ולימוד","תלמידי חכמים","תורה","מאמרים 89 · שו""ת 13 · ללא סוג 1","102","שם שונה","תורה ולימוד › תלמידי חכמים ואמונת חכמים","132","אמונת חכמים (31)","להשאיר (שם נרדף בחיפוש)","",""
"תורה ולימוד","אמונת חכמים","אמונה | תורה","וידאו 13 · מאמרים 12 · ללא סוג 7","31","שם שונה","תורה ולימוד › תלמידי חכמים ואמונת חכמים","132","תלמידי חכמים (102)","להשאיר (שם נרדף בחיפוש)","",""
"תורה ולימוד","אישים בתנ""ך","תורה","וידאו 50 · ללא סוג 1","50","שם שונה","תורה ולימוד › תנ""ך","61","שיעורים בתנ""ך (11)","להשאיר (שם נרדף בחיפוש)","",""
"תורה ולימוד","שיעורים בתנ""ך","תורה","וידאו 6 · ללא סוג 5","11","שם שונה","תורה ולימוד › תנ""ך","61","אישים בתנ""ך (50)","להשאיר (שם נרדף בחיפוש)","",""
"תפילה","תפילה","תפילה","מאמרים 40 · שו""ת 26 · וידאו 24 · ללא סוג 23","113","נשמר בשמו","תפילה","261","","להשאיר","",""
"תפילה","השפעת התפילה","תפילה","וידאו 2 · ללא סוג 1","3","אוחד","תפילה › ביאור התפילה","7","באור תפילה (3)","להשאיר מאוחד (שם נרדף בחיפוש)","",""
"תפילה","באור תפילה","תפילה","וידאו 3","3","אוחד","תפילה › ביאור התפילה","7","השפעת התפילה (3)","להשאיר מאוחד (שם נרדף בחיפוש)","",""
"תפילה","ברכות - הלכה","הלכה","מאמרים 28 · וידאו 5 · ללא סוג 5","38","שם שונה · עבר לנושא-על אחר","תפילה › ברכות","61","ברכות (20)","להשאיר (שם נרדף בחיפוש)","",""
"תפילה","ברכות","הלכה | אורח חיים","שו""ת 20 · ללא סוג 1","20","נשמר בשמו (צורפו אליו נושאים נוספים) · עבר לנושא-על אחר","תפילה › ברכות","61","ברכות - הלכה (38)","להשאיר","",""
"תפילה","תפילה - הלכה","הלכה | תפילה","מאמרים 52 · וידאו 10","62","שם שונה","תפילה › הלכות תפילה","86","תפילת שמונה עשרה (5); ברכת כהנים (5); קריאת התורה (5); הכנת הגוף והמקום (4)","להשאיר (שם נרדף בחיפוש)","",""
"תפילה","תפילת שמונה עשרה","תפילה","שו""ת 5","5","אוחד","תפילה › הלכות תפילה","86","תפילה - הלכה (62); ברכת כהנים (5); קריאת התורה (5); הכנת הגוף והמקום (4)","להשאיר מאוחד (שם נרדף בחיפוש)","",""
"תפילה","ברכת כהנים","תפילה","שו""ת 5","5","אוחד","תפילה › הלכות תפילה","86","תפילה - הלכה (62); תפילת שמונה עשרה (5); קריאת התורה (5); הכנת הגוף והמקום (4)","להשאיר מאוחד (שם נרדף בחיפוש)","",""
"תפילה","קריאת התורה","תפילה","שו""ת 4 · ללא סוג 1","5","אוחד","תפילה › הלכות תפילה","86","תפילה - הלכה (62); תפילת שמונה עשרה (5); ברכת כהנים (5); הכנת הגוף והמקום (4)","להשאיר מאוחד (שם נרדף בחיפוש)","",""
"תפילה","הכנת הגוף והמקום","תפילה","שו""ת 4","4","אוחד","תפילה › הלכות תפילה","86","תפילה - הלכה (62); תפילת שמונה עשרה (5); ברכת כהנים (5); קריאת התורה (5)","להשאיר מאוחד (שם נרדף בחיפוש)","",""
"מדינת ישראל וצה""ל","מדינת ישראל","מדינת ישראל","ללא סוג 95 · וידאו 24 · מאמרים 1","117","שם שונה","מדינת ישראל וצה""ל","1572","","להשאיר (שם נרדף בחיפוש)","",""
"מדינת ישראל וצה""ל","ארץ ישראל","מדינת ישראל | אמונה","מאמרים 138 · וידאו 27 · ללא סוג 23 · שו""ת 5","190","נשמר בשמו (צורפו אליו נושאים נוספים)","מדינת ישראל וצה""ל › ארץ ישראל","195","מצוות ישוב הארץ (3)","להשאיר","",""
"מדינת ישראל וצה""ל","מצוות ישוב הארץ","הלכה","מאמרים 3","3","אוחד · עבר לנושא-על אחר","מדינת ישראל וצה""ל › ארץ ישראל","195","ארץ ישראל (190)","להשאיר מאוחד (שם נרדף בחיפוש)","",""
"מדינת ישראל וצה""ל","עם ישראל","מדינת ישראל | אמונה","מאמרים 249 · ללא סוג 113 · וידאו 30 · שו""ת 1","390","אוחד","מדינת ישראל וצה""ל › גאולת ישראל וציונות","580","המדינה אתחלתא דגאולה (212)","לפצל לתת-נושא","",""
"מדינת ישראל וצה""ל","המדינה אתחלתא דגאולה","מדינת ישראל | אמונה","מאמרים 201 · ללא סוג 9 · וידאו 2","212","אוחד","מדינת ישראל וצה""ל › גאולת ישראל וציונות","580","עם ישראל (390)","לפצל לתת-נושא","",""
"מדינת ישראל וצה""ל","גוש קטיף והגירוש","מדינת ישראל | אמונה","מאמרים 50","50","נשמר בשמו","מדינת ישראל וצה""ל › גוש קטיף והגירוש","50","","להשאיר","",""
"מדינת ישראל וצה""ל","הרבנות הראשית","מדינת ישראל","מאמרים 41 · שו""ת 1","42","שם שונה","מדינת ישראל וצה""ל › דת ומדינה","63","דת ומדינה (15); דתיים - חילונים (4)","להשאיר (שם נרדף בחיפוש)","",""
"מדינת ישראל וצה""ל","דת ומדינה","מדינת ישראל | מיוחדים","וידאו 11 · ללא סוג 4","15","נשמר בשמו (צורפו אליו נושאים נוספים)","מדינת ישראל וצה""ל › דת ומדינה","63","הרבנות הראשית (42); דתיים - חילונים (4)","להשאיר","",""
"מדינת ישראל וצה""ל","דתיים - חילונים","מיוחדים | מדינת ישראל","וידאו 4","4","אוחד","מדינת ישראל וצה""ל › דת ומדינה","63","הרבנות הראשית (42); דת ומדינה (15)","להשאיר מאוחד (שם נרדף בחיפוש)","",""
"מדינת ישראל וצה""ל","סכסוך ישראלי - ערבי","מדינת ישראל","מאמרים 109","109","שם שונה","מדינת ישראל וצה""ל › הסכסוך הישראלי-ערבי","109","","להשאיר (שם נרדף בחיפוש)","",""
"מדינת ישראל וצה""ל","הר הבית","אמונה | מדינת ישראל | מיוחדים","מאמרים 47 · וידאו 10 · ללא סוג 2","59","שם שונה","מדינת ישראל וצה""ל › הר הבית ובית המקדש","76","הר הבית ובית המקדש (7)","להשאיר (שם נרדף בחיפוש)","",""
"מדינת ישראל וצה""ל","הר הבית ובית המקדש","מדינת ישראל | אורח חיים","שו""ת 7 · ללא סוג 1","7","נשמר בשמו (צורפו אליו נושאים נוספים)","מדינת ישראל וצה""ל › הר הבית ובית המקדש","76","הר הבית (59)","להשאיר","",""
"מדינת ישראל וצה""ל","הר הבית - הלכה","הלכה","מאמרים 20","20","שם שונה · עבר לנושא-על אחר","מדינת ישראל וצה""ל › הר הבית ובית המקדש › הלכות הר הבית","20","","להשאיר (שם נרדף בחיפוש)","","רמה שלישית: הלכות"
"מדינת ישראל וצה""ל","המדינות ואומות העולם","מדינת ישראל","מאמרים 61","61","שם שונה","מדינת ישראל וצה""ל › ישראל והעמים","61","","להשאיר (שם נרדף בחיפוש)","",""
"מדינת ישראל וצה""ל","מגזרים ועדות","מדינת ישראל","מאמרים 25","25","נשמר בשמו","מדינת ישראל וצה""ל › מגזרים ועדות","25","","להשאיר","",""
"מדינת ישראל וצה""ל","מוסריות מדינית","מדינת ישראל | מוסר ומידות","מאמרים 60","60","נשמר בשמו","מדינת ישראל וצה""ל › מוסריות מדינית","60","","להשאיר","",""
"מדינת ישראל וצה""ל","פוליטיקה ובחירות","מדינת ישראל","מאמרים 184 · ללא סוג 1","184","נשמר בשמו (צורפו אליו נושאים נוספים)","מדינת ישראל וצה""ל › פוליטיקה ובחירות","244","פוליטיקה (33); ראש הממשלה (23)","להשאיר","",""
"מדינת ישראל וצה""ל","פוליטיקה","מיוחדים | מדינת ישראל","וידאו 33","33","שם שונה","מדינת ישראל וצה""ל › פוליטיקה ובחירות","244","פוליטיקה ובחירות (184); ראש הממשלה (23)","להשאיר (שם נרדף בחיפוש)","",""
"מדינת ישראל וצה""ל","ראש הממשלה","מדינת ישראל","מאמרים 23","23","אוחד","מדינת ישראל וצה""ל › פוליטיקה ובחירות","244","פוליטיקה ובחירות (184); פוליטיקה (33)","לפצל לתת-נושא","",""
"מדינת ישראל וצה""ל","צה""ל","מדינת ישראל | מיוחדים","מאמרים 212 · ללא סוג 51 · וידאו 36 · שו""ת 2","296","שם שונה","מדינת ישראל וצה""ל › צה""ל וביטחון","307","הלכות חגים לחייל (9)","להשאיר (שם נרדף בחיפוש)","",""
"מדינת ישראל וצה""ל","הלכות חגים לחייל","הלכה | מועדים | מדינת ישראל | מיוחדים","שו""ת 9","9","אוחד","מדינת ישראל וצה""ל › צה""ל וביטחון","307","צה""ל (296)","לשקול: לפצל או שם נרדף","",""
"אקטואליה ותרבות","אינטרנט וסמארטפון","הלכה | חינוך | מיוחדים","מאמרים 26","26","נשמר בשמו · עבר לנושא-על אחר","אקטואליה ותרבות › אינטרנט וסמארטפון","26","","להשאיר","",""
"אקטואליה ותרבות","אקטואליה","מיוחדים","מאמרים 362 · ללא סוג 92 · וידאו 88","540","נשמר בשמו · עבר לנושא-על אחר","אקטואליה ותרבות › אקטואליה","553","","להשאיר","",""
"אקטואליה ותרבות","טבע וסביבה","מוסר ומידות","מאמרים 44","44","נשמר בשמו · עבר לנושא-על אחר","אקטואליה ותרבות › טבע וסביבה","44","","להשאיר","",""
"אקטואליה ותרבות","תנועות חברתיות","הלכה | חינוך | מדינת ישראל | אמונה","שו""ת 6 · וידאו 1","6","נשמר בשמו · עבר לנושא-על אחר","אקטואליה ותרבות › תנועות חברתיות","6","","להשאיר","",""
"אקטואליה ותרבות","תרבות המערב","חינוך | אמונה | מוסר ומידות","מאמרים 34 · וידאו 10 · שו""ת 3","47","נשמר בשמו · עבר לנושא-על אחר","אקטואליה ותרבות › תרבות המערב","49","","להשאיר","",""
"אקטואליה ותרבות","תרבות הפנאי","הלכה | מיוחדים | מוסר ומידות","מאמרים 11 · שו""ת 9 · וידאו 5 · ללא סוג 3","28","נשמר בשמו · עבר לנושא-על אחר","אקטואליה ותרבות › תרבות הפנאי","29","","להשאיר","",""
"מוסר ומידות","מוסר ומידות","מוסר ומידות","וידאו 10 · שו""ת 1","11","נשמר בשמו","מוסר ומידות","578","","להשאיר","",""
"מוסר ומידות","מידת הביטחון","מוסר ומידות","מאמרים 13","13","שם שונה","מוסר ומידות › ביטחון","16","","להשאיר (שם נרדף בחיפוש)","",""
"מוסר ומידות","יצר הרע","מוסר ומידות","מאמרים 24","24","נשמר בשמו","מוסר ומידות › יצר הרע","24","","להשאיר","",""
"מוסר ומידות","חיי הפרט","מדינת ישראל","מאמרים 62 · ללא סוג 1","63","שם שונה · עבר לנושא-על אחר","מוסר ומידות › מוסר בחיי הפרט","111","מוסריות (22); זהירות בדרכים (9); מוסר ביהדות (9); מוסר בחיי הפרט (5)","להשאיר (שם נרדף בחיפוש)","",""
"מוסר ומידות","מוסריות","מוסר ומידות","ללא סוג 12 · וידאו 10","22","אוחד","מוסר ומידות › מוסר בחיי הפרט","111","חיי הפרט (63); זהירות בדרכים (9); מוסר ביהדות (9); מוסר בחיי הפרט (5)","לפצל לתת-נושא","",""
"מוסר ומידות","זהירות בדרכים","מוסר ומידות | הלכה","מאמרים 6 · וידאו 3","9","אוחד","מוסר ומידות › מוסר בחיי הפרט","111","חיי הפרט (63); מוסריות (22); מוסר ביהדות (9); מוסר בחיי הפרט (5)","לשקול: לפצל או שם נרדף","",""
"מוסר ומידות","מוסר ביהדות","מוסר ומידות","וידאו 9","9","אוחד","מוסר ומידות › מוסר בחיי הפרט","111","חיי הפרט (63); מוסריות (22); זהירות בדרכים (9); מוסר בחיי הפרט (5)","לשקול: לפצל או שם נרדף","",""
"מוסר ומידות","מוסר בחיי הפרט","מוסר ומידות","ללא סוג 2 · שו""ת 2 · וידאו 1","5","נשמר בשמו (צורפו אליו נושאים נוספים)","מוסר ומידות › מוסר בחיי הפרט","111","חיי הפרט (63); מוסריות (22); זהירות בדרכים (9); מוסר ביהדות (9)","להשאיר","",""
"מוסר ומידות","מוסר חברתי","מוסר ומידות","וידאו 30 · ללא סוג 3 · שו""ת 1","34","נשמר בשמו (צורפו אליו נושאים נוספים)","מוסר ומידות › מוסר חברתי","111","חסד (31); דרך ארץ (26); מוסריות בעבודה (11); הכרת הטוב (5)","להשאיר","",""
"מוסר ומידות","חסד","מוסר ומידות","מאמרים 24 · וידאו 5 · ללא סוג 2","31","אוחד","מוסר ומידות › מוסר חברתי","111","מוסר חברתי (34); דרך ארץ (26); מוסריות בעבודה (11); הכרת הטוב (5)","לפצל לתת-נושא","",""
"מוסר ומידות","דרך ארץ","מוסר ומידות","מאמרים 26","26","אוחד","מוסר ומידות › מוסר חברתי","111","מוסר חברתי (34); חסד (31); מוסריות בעבודה (11); הכרת הטוב (5)","לפצל לתת-נושא","",""
"מוסר ומידות","מוסריות בעבודה","מוסר ומידות","מאמרים 11","11","אוחד","מוסר ומידות › מוסר חברתי","111","מוסר חברתי (34); חסד (31); דרך ארץ (26); הכרת הטוב (5)","לשקול: לפצל או שם נרדף","",""
"מוסר ומידות","הכרת הטוב","מוסר ומידות","וידאו 5","5","אוחד","מוסר ומידות › מוסר חברתי","111","מוסר חברתי (34); חסד (31); דרך ארץ (26); מוסריות בעבודה (11)","להשאיר מאוחד (שם נרדף בחיפוש)","",""
"מוסר ומידות","מידות","מוסר ומידות","ללא סוג 81 · וידאו 30","110","נשמר בשמו (צורפו אליו נושאים נוספים)","מוסר ומידות › מידות","247","עבודת המידות (75); צניעות - מידות (21); מידות נוספות (18); שמחה (8); גאווה (5); דאגה לזולת- מידות (5); והלכת בדרכיו (3); שתיקה- מידות (3)","להשאיר","",""
"מוסר ומידות","עבודת המידות","מוסר ומידות","מאמרים 62 · וידאו 11 · ללא סוג 2","75","שם שונה","מוסר ומידות › מידות","247","מידות (110); צניעות - מידות (21); מידות נוספות (18); שמחה (8); גאווה (5); דאגה לזולת- מידות (5); והלכת בדרכיו (3); שתיקה- מידות (3)","להשאיר (שם נרדף בחיפוש)","",""
"מוסר ומידות","צניעות - מידות","מוסר ומידות","מאמרים 21","21","שם שונה","מוסר ומידות › מידות","247","מידות (110); עבודת המידות (75); מידות נוספות (18); שמחה (8); גאווה (5); דאגה לזולת- מידות (5); והלכת בדרכיו (3); שתיקה- מידות (3)","להשאיר (שם נרדף בחיפוש)","",""
"מוסר ומידות","מידות נוספות","מוסר ומידות","מאמרים 18","18","שם שונה","מוסר ומידות › מידות","247","מידות (110); עבודת המידות (75); צניעות - מידות (21); שמחה (8); גאווה (5); דאגה לזולת- מידות (5); והלכת בדרכיו (3); שתיקה- מידות (3)","להשאיר (שם נרדף בחיפוש)","",""
"מוסר ומידות","שמחה","מוסר ומידות","מאמרים 8","8","אוחד","מוסר ומידות › מידות","247","מידות (110); עבודת המידות (75); צניעות - מידות (21); מידות נוספות (18); גאווה (5); דאגה לזולת- מידות (5); והלכת בדרכיו (3); שתיקה- מידות (3)","לשקול: לפצל או שם נרדף","",""
"מוסר ומידות","גאווה","מוסר ומידות","מאמרים 5","5","אוחד","מוסר ומידות › מידות","247","מידות (110); עבודת המידות (75); צניעות - מידות (21); מידות נוספות (18); שמחה (8); דאגה לזולת- מידות (5); והלכת בדרכיו (3); שתיקה- מידות (3)","להשאיר מאוחד (שם נרדף בחיפוש)","",""
"מוסר ומידות","דאגה לזולת- מידות","מוסר ומידות","מאמרים 5","5","שם שונה","מוסר ומידות › מידות","247","מידות (110); עבודת המידות (75); צניעות - מידות (21); מידות נוספות (18); שמחה (8); גאווה (5); והלכת בדרכיו (3); שתיקה- מידות (3)","להשאיר (שם נרדף בחיפוש)","",""
"מוסר ומידות","והלכת בדרכיו","מוסר ומידות | אמונה","ללא סוג 2 · וידאו 1","3","אוחד","מוסר ומידות › מידות","247","מידות (110); עבודת המידות (75); צניעות - מידות (21); מידות נוספות (18); שמחה (8); גאווה (5); דאגה לזולת- מידות (5); שתיקה- מידות (3)","להשאיר מאוחד (שם נרדף בחיפוש)","",""
"מוסר ומידות","שתיקה- מידות","מוסר ומידות","מאמרים 3","3","שם שונה","מוסר ומידות › מידות","247","מידות (110); עבודת המידות (75); צניעות - מידות (21); מידות נוספות (18); שמחה (8); גאווה (5); דאגה לזולת- מידות (5); והלכת בדרכיו (3)","להשאיר (שם נרדף בחיפוש)","",""
"מוסר ומידות","שמירת הלשון","הלכה | מוסר ומידות | חושן משפט","מאמרים 41 · וידאו 34 · ללא סוג 1","74","נשמר בשמו | נשמר בשמו","מוסר ומידות › שמירת הלשון | הלכה › בין אדם לחברו › שמירת הלשון","84 | 84","","להשאיר","",""
"זוגיות ומשפחה","זוגיות ומשפחה","זוגיות ומשפחה","ללא סוג 86 · וידאו 11 · שו""ת 1","96","נשמר בשמו","זוגיות ומשפחה","641","","להשאיר","",""
"זוגיות ומשפחה","כיבוד הורים","הלכה | מוסר ומידות","וידאו 7 · שו""ת 5 · ללא סוג 1","13","שם שונה · עבר לנושא-על אחר","זוגיות ומשפחה › הורים וילדים","16","חיי משפחה (3)","להשאיר (שם נרדף בחיפוש)","",""
"זוגיות ומשפחה","חיי משפחה","זוגיות ומשפחה","וידאו 3","3","אוחד","זוגיות ומשפחה › הורים וילדים","16","כיבוד הורים (13)","להשאיר מאוחד (שם נרדף בחיפוש)","",""
"זוגיות ומשפחה","הריון ולידה","זוגיות ומשפחה","מאמרים 5 · שו""ת 5 · וידאו 1","11","נשמר בשמו (צורפו אליו נושאים נוספים)","זוגיות ומשפחה › הריון ולידה","18","קריאת שמות (7)","להשאיר","",""
"זוגיות ומשפחה","קריאת שמות","זוגיות ומשפחה | הלכה","שו""ת 7","7","אוחד","זוגיות ומשפחה › הריון ולידה","18","הריון ולידה (11)","להשאיר מאוחד (שם נרדף בחיפוש)","",""
"זוגיות ומשפחה","זוגיות במקורות","זוגיות ומשפחה","מאמרים 77","77","אוחד","זוגיות ומשפחה › חיי זוגיות","266","עבודת הזוגיות (56); שמירת התא המשפחתי (47); זוגיות (32); אהבה (26); אישות (15); צניעות - משפחה (8)","לפצל לתת-נושא","",""
"זוגיות ומשפחה","עבודת הזוגיות","זוגיות ומשפחה","מאמרים 52 · שו""ת 4","56","אוחד","זוגיות ומשפחה › חיי זוגיות","266","זוגיות במקורות (77); שמירת התא המשפחתי (47); זוגיות (32); אהבה (26); אישות (15); צניעות - משפחה (8)","לפצל לתת-נושא","",""
"זוגיות ומשפחה","שמירת התא המשפחתי","זוגיות ומשפחה","מאמרים 47","47","אוחד","זוגיות ומשפחה › חיי זוגיות","266","זוגיות במקורות (77); עבודת הזוגיות (56); זוגיות (32); אהבה (26); אישות (15); צניעות - משפחה (8)","לפצל לתת-נושא","",""
"זוגיות ומשפחה","זוגיות","זוגיות ומשפחה","וידאו 31 · ללא סוג 1","32","שם שונה","זוגיות ומשפחה › חיי זוגיות","266","זוגיות במקורות (77); עבודת הזוגיות (56); שמירת התא המשפחתי (47); אהבה (26); אישות (15); צניעות - משפחה (8)","להשאיר (שם נרדף בחיפוש)","",""
"זוגיות ומשפחה","אהבה","מוסר ומידות","מאמרים 26","26","אוחד · עבר לנושא-על אחר","זוגיות ומשפחה › חיי זוגיות","266","זוגיות במקורות (77); עבודת הזוגיות (56); שמירת התא המשפחתי (47); זוגיות (32); אישות (15); צניעות - משפחה (8)","לפצל לתת-נושא","",""
"זוגיות ומשפחה","אישות","זוגיות ומשפחה","וידאו 15","15","אוחד","זוגיות ומשפחה › חיי זוגיות","266","זוגיות במקורות (77); עבודת הזוגיות (56); שמירת התא המשפחתי (47); זוגיות (32); אהבה (26); צניעות - משפחה (8)","לשקול: לפצל או שם נרדף","",""
"זוגיות ומשפחה","צניעות - משפחה","זוגיות ומשפחה","מאמרים 8","8","אוחד","זוגיות ומשפחה › חיי זוגיות","266","זוגיות במקורות (77); עבודת הזוגיות (56); שמירת התא המשפחתי (47); זוגיות (32); אהבה (26); אישות (15)","לשקול: לפצל או שם נרדף","",""
"זוגיות ומשפחה","נטיות הפוכות","מוסר ומידות","מאמרים 45 · ללא סוג 1","45","נשמר בשמו · עבר לנושא-על אחר","זוגיות ומשפחה › נטיות הפוכות","46","","להשאיר","",""
"זוגיות ומשפחה","נשים","מיוחדים | זוגיות ומשפחה | מוסר ומידות","מאמרים 75 · ללא סוג 25 · וידאו 16","116","נשמר בשמו","זוגיות ומשפחה › נשים","119","","להשאיר","",""
"זוגיות ומשפחה","שידוכים והכנה לחתונה","זוגיות ומשפחה","מאמרים 61","60","אוחד","זוגיות ומשפחה › שידוכים וחתונה","119","הכנה לחתונה (29); חתונה (11); חתונה - חופה וקידושין (10); שידוכים (6)","לפצל לתת-נושא","",""
"זוגיות ומשפחה","הכנה לחתונה","זוגיות ומשפחה","וידאו 26 · ללא סוג 3","29","אוחד","זוגיות ומשפחה › שידוכים וחתונה","119","שידוכים והכנה לחתונה (60); חתונה (11); חתונה - חופה וקידושין (10); שידוכים (6)","לפצל לתת-נושא","",""
"זוגיות ומשפחה","חתונה","זוגיות ומשפחה | אבן העזר","שו""ת 11 · ללא סוג 1","11","שם שונה","זוגיות ומשפחה › שידוכים וחתונה","119","שידוכים והכנה לחתונה (60); הכנה לחתונה (29); חתונה - חופה וקידושין (10); שידוכים (6)","להשאיר (שם נרדף בחיפוש)","",""
"זוגיות ומשפחה","חתונה - חופה וקידושין","זוגיות ומשפחה","מאמרים 10","10","אוחד","זוגיות ומשפחה › שידוכים וחתונה","119","שידוכים והכנה לחתונה (60); הכנה לחתונה (29); חתונה (11); שידוכים (6)","לשקול: לפצל או שם נרדף","",""
"זוגיות ומשפחה","שידוכים","זוגיות ומשפחה","שו""ת 6 · ללא סוג 1","6","שם שונה","זוגיות ומשפחה › שידוכים וחתונה","119","שידוכים והכנה לחתונה (60); הכנה לחתונה (29); חתונה (11); חתונה - חופה וקידושין (10)","להשאיר (שם נרדף בחיפוש)","",""
"חינוך","חינוך","חינוך","ללא סוג 62 · וידאו 25 · שו""ת 1","86","נשמר בשמו","חינוך","360","","להשאיר","",""
"חינוך","חינוך ילדים","חינוך","מאמרים 201 · שו""ת 9 · ללא סוג 1","210","נשמר בשמו","חינוך › חינוך ילדים","210","","להשאיר","",""
"חינוך","חינוך במקורות","חינוך","מאמרים 12","12","שם שונה","חינוך › חינוך לתורה ומצוות","22","חינוך לתורה ומצוות (5); חינוך - הלכה (3)","להשאיר (שם נרדף בחיפוש)","",""
"חינוך","חינוך לתורה ומצוות","חינוך","ללא סוג 3 · וידאו 2","5","נשמר בשמו (צורפו אליו נושאים נוספים)","חינוך › חינוך לתורה ומצוות","22","חינוך במקורות (12); חינוך - הלכה (3)","להשאיר","",""
"חינוך","חינוך - הלכה","הלכה | חינוך","שו""ת 2 · ללא סוג 1","3","שם שונה","חינוך › חינוך לתורה ומצוות","22","חינוך במקורות (12); חינוך לתורה ומצוות (5)","להשאיר (שם נרדף בחיפוש)","",""
"חינוך","מוסדות חינוך","חינוך","מאמרים 31","31","שם שונה","חינוך › מוסדות חינוך ולימודים","46","לימודים (9); הוראה (6)","להשאיר (שם נרדף בחיפוש)","",""
"חינוך","לימודים","חינוך","מאמרים 8 · שו""ת 1","9","שם שונה","חינוך › מוסדות חינוך ולימודים","46","מוסדות חינוך (31); הוראה (6)","להשאיר (שם נרדף בחיפוש)","",""
"חינוך","הוראה","חינוך","מאמרים 5 · שו""ת 1","6","אוחד","חינוך › מוסדות חינוך ולימודים","46","מוסדות חינוך (31); לימודים (9)","להשאיר מאוחד (שם נרדף בחיפוש)","",""
"אישים","אישים","מיוחדים","מאמרים 132 · ללא סוג 49 · וידאו 12 · שו""ת 3","194","נשמר בשמו · עבר לנושא-על אחר","אישים","781","","להשאיר","",""
"אישים","הרב קוק","תורה | אמונה | מיוחדים","וידאו 92 · ללא סוג 29 · מאמרים 13","133","נשמר בשמו (צורפו אליו נושאים נוספים) · עבר לנושא-על אחר","אישים › הרב קוק","584","תורת הראי""ה (53)","להשאיר","",""
"אישים","תורת הראי""ה","תורה","מאמרים 46 · שו""ת 7","53","אוחד · עבר לנושא-על אחר","אישים › הרב קוק","584","הרב קוק (133)","לפצל לתת-נושא","",""
"אישים","הרב נחמיה לביא זצ""ל","מיוחדים","מאמרים 6","6","שם שונה · עבר לנושא-על אחר","אישים › רבנים ואישים","10","הרב מנחם בן יעקב (3)","להשאיר (שם נרדף בחיפוש)","",""
"אישים","הרב מנחם בן יעקב","מיוחדים","וידאו 3","3","אוחד · עבר לנושא-על אחר","אישים › רבנים ואישים","10","הרב נחמיה לביא זצ""ל (6)","להשאיר מאוחד (שם נרדף בחיפוש)","",""
"מיוחדים (פורק)","מיוחדים","מיוחדים","שו""ת 7 · מאמרים 4 · וידאו 1","12","פורק: תתי-הנושאים שלו מופו לנושאי-העל החדשים","מכל מפורק (ילדיו מופו לנושאי הליבה)","","","להשאיר","",""
"מקורות (מסנן נפרד)","דפים קא' - ר'","שו""ת סמס - עולם קטן","שו""ת 34","34","הפך למקור: דפים קא' - ר'","מקור: דפים קא' - ר'","","","להשאיר (מקור, לא נושא)","",""
"מקורות (מסנן נפרד)","שיעורי ארח""צ מהישיבה","שיעורים מישיבת עטרת ירושלים","וידאו 484 · ללא סוג 423","880","הפך למקור: ישיבת עטרת ירושלים","מקור: ישיבת עטרת ירושלים","","","להשאיר (מקור, לא נושא)","",""
"מקורות (מסנן נפרד)","ישיבת עטרת ירושלים","שיעורים מישיבת עטרת ירושלים","וידאו 660 · ללא סוג 5","619","הפך למקור: ישיבת עטרת ירושלים","מקור: ישיבת עטרת ירושלים","","","להשאיר (מקור, לא נושא)","",""
"מקורות (מסנן נפרד)","שיעורי ארח""צ בישיבה","שיעורי ארח""צ בישיבה","ללא סוג 1","1","הפך למקור: ישיבת עטרת ירושלים","מקור: ישיבת עטרת ירושלים","","","להשאיר (מקור, לא נושא)","",""
"מקורות (מסנן נפרד)","שיעורים מישיבת עטרת ירושלים","שיעורים מישיבת עטרת ירושלים","","0","הפך למקור: ישיבת עטרת ירושלים","מקור: ישיבת עטרת ירושלים","","","להשאיר (מקור, לא נושא)","",""
"מקורות (מסנן נפרד)","מאמרים מיוחדים","מיוחדים","מאמרים 62","62","הפך למקור: מאמרים מיוחדים","מקור: מאמרים מיוחדים","","","להשאיר (מקור, לא נושא)","",""
"מקורות (מסנן נפרד)","ציוצים","מיוחדים","מאמרים 25","25","הפך למקור: ציוצים","מקור: ציוצים","","","להשאיר (מקור, לא נושא)","",""
"מקורות (מסנן נפרד)","שו""ת סמס - עולם קטן","שו""ת סמס - עולם קטן","","0","הפך למקור: שו""ת סמס - עולם קטן","מקור: שו""ת סמס - עולם קטן","","","להשאיר (מקור, לא נושא)","",""
"מקורות (מסנן נפרד)","שירים","מיוחדים","מאמרים 13","13","הפך למקור: שירים","מקור: שירים","","","להשאיר (מקור, לא נושא)","",""
"סדרות (ישות נפרדת)","אורות","אמונה | תורה | מיוחדים","סדרות 30","","הפך לסדרה (/series)","אורות","","","להשאיר (סדרה)","",""
"סדרות (ישות נפרדת)","אורות הקודש ב'","אורות הקודש","סדרות 32","","הפך לסדרה (/series)","אורות הקודש ב'","","","להשאיר (סדרה)","",""
"סדרות (ישות נפרדת)","אורות הקודש","אורות הקודש","","","הפך לסדרה (/series)","אורות הקודש ב'","","","להשאיר (סדרה)","",""
"סדרות (ישות נפרדת)","אורות התחיה","אמונה | תורה | מיוחדים","סדרות 108","","הפך לסדרה (/series)","אורות התחיה","","","להשאיר (סדרה)","",""
"סדרות (ישות נפרדת)","אורות ישראל ותחיתו","אמונה | תורה | מיוחדים","סדרות 10","","הפך לסדרה (/series)","אורות ישראל ותחיתו","","","להשאיר (סדרה)","",""
"סדרות (ישות נפרדת)","למהלך האידאות בישראל","אמונה | תורה | מיוחדים","סדרות 26","","הפך לסדרה (/series)","למהלך האידאות בישראל","","","להשאיר (סדרה)","",""
"סדרות (ישות נפרדת)","עין איה","עין איה","","","הפך לסדרה (/series)","ספר: עין איה","","","להשאיר (סדרה)","",""
"סדרות (ישות נפרדת)","עין איה - ברכות ב'","עין איה","סדרות 106","","הפך לסדרה (/series)","עין איה - ברכות ב'","","","להשאיר (סדרה)","",""
"סדרות (ישות נפרדת)","קריאה גדולה","אמונה | תורה | מיוחדים","סדרות 5","","הפך לסדרה (/series)","קריאה גדולה","","","להשאיר (סדרה)","",""
"סוג תוכן (מסנן נפרד)","שו""ת","הלכה","ללא סוג 797 · וידאו 77","77","הפך למסנן סוג התוכן","מכל (סוג תוכן)","","","להשאיר","",""
"שו""ת לפי שולחן ערוך (מסנן נפרד)","אבן העזר","אבן העזר","שו""ת 42","9","הפך למסנן ""חלק בשולחן ערוך"" בשו""ת","ציר שו""ת: אבן העזר","","","להשאיר","",""
"שו""ת לפי שולחן ערוך (מסנן נפרד)","אורח חיים","אורח חיים","שו""ת 89","32","הפך למסנן ""חלק בשולחן ערוך"" בשו""ת","ציר שו""ת: אורח חיים","","","להשאיר","",""
"שו""ת לפי שולחן ערוך (מסנן נפרד)","חושן משפט","חושן משפט","שו""ת 54","3","הפך למסנן ""חלק בשולחן ערוך"" בשו""ת","ציר שו""ת: חושן משפט","","","להשאיר","",""
"שו""ת לפי שולחן ערוך (מסנן נפרד)","יורה דעה","יורה דעה","שו""ת 71","26","הפך למסנן ""חלק בשולחן ערוך"" בשו""ת","ציר שו""ת: יורה דעה","","","להשאיר","",""
